{
   "request":{
      "method":"GET",
      "headers":{
         "segmentCd":{
            "contains":"SR"
         }
      },
      "urlPattern":"/questionnaire/questionnaire.*",
      "queryParameters":{
         "templateType":{
            "equalTo":"MONTH"
         }
      }
   },
   "response":{
      "status":200,
      "headers":{
         "Content-Type":"application/json",
         "Access-Control-Allow-Origin":"*",
         "Access-Control-Allow-Methods":"*",
         "Access-Control-Allow-Headers":"Accept, Content-Type, Content-Encoding, Server, Transfer-Encoding",
         "X-Content-Type-Options":"nosniff",
         "x-frame-options":"DENY",
         "x-xss-protection":"1; mode=block"
      },
      "bodyFileName":"/questionnaire/questionnaire/mrfi-20070918.json"
   }
}