1,SYSTEM,State,NSW,New South Wales,
1,SYSTEM,State,VIC,Victoria,
1,SYSTEM,Title,Mr,Mr,
1,SYSTEM,Title,Mrs,Mrs,
1,SYSTEM,Status,ACTIVE,ACTIVE,
1,SYSTEM,Status,INACTIVE,INACTIVE,
1,SYSTEM,UserRole,DP_INTERNAL_ADMIN,Internal Admin,
1,SYSTEM,UserRole,DP_INTERNAL_USER,Internal User,
1,SYSTEM,UserRole,DP_EXTERNAL_USER,External User,
1,SYSTEM,UserRole,DP_EXTERNAL_ADMIN,External Admin,
1,SYSTEM,Comms,login_url,http://www.news.com.au,
1,SYSTEM,Comms,action_url,http://dev-client.lonsec.com.au/setpassword?username={0},
1,SYSTEM,Comms,support_email,support@lonsec.com.au,
1,SYSTEM,PROMPTFREQUENCY,MTH,Monthly,
1,SYSTEM,PROMPTFREQUENCY,QTR,Quarterly,
1,SYSTEM,PROMPTFREQUENCY,YR,Yearly,
1,SYSTEM,PROMPTFREQUENCY,Semi,Semi Annual,
1,SYSTEM,ASSETCLASS,AEQ,Australian Equities,
1,SYSTEM,ASSETCLASS,GEQ,Global Equities,
1,SYSTEM,ASSETCLASS,PI,Property and Infrastructure,
1,SYSTEM,ASSETCLASS,FI,Fixed Interest,
1,SYSTEM,ASSETCLASS,SPEC,Specialised,
1,SYSTEM,ASSETCLASS,ALT,Alternatives,
1,SYSTEM,ASSETCLASS,MA,Multi-Asset,
1,SYSTEM,ASSETCLASS,CSH,Cash,
1,SYSTEM,ASSETCLASS,NZ,NZ,
1,SYSTEM,PRODUCTCLASS,MF,Managed Fund,
1,SYSTEM,PRODUCTCLASS,ETF,ETF,
1,SYSTEM,PRODUCTCLASS,SP,Structured Product,
1,SYSTEM,PRODUCTCLASS,DA,Direct Asset,
1,SYSTEM,PRODUCTCLASS,MFUND,mFund (ASX),
1,SYSTEM,PRODUCTCLASS,IB,Investment Bond,
1,SYSTEM,PRODUCTCLASS,SMA,SMA Investment,
1,SYSTEM,PRODUCTCLASS,SMAP,SMA Platform,
1,SYSTEM,PRODUCTCLASS,SUP,Super Option,
1,SYSTEM,PRODUCTCLASS,PEN,Pension,
1,SYSTEM,PRODUCTCLASS,LIC-LIT,LIC / LIT,
1,SYSTEM,SECTOR,AEQ:ALP,Australian Large Cap,AEQ
1,SYSTEM,SECTOR,AEQ:ALS,Australian Long Short,AEQ
1,SYSTEM,SECTOR,AEQ:ASC,Australian Smaller Companies,AEQ
1,SYSTEM,SECTOR,ALT:CA,Conservative Alternatives,ALT
1,SYSTEM,SECTOR,ALT:GAM,Growth Alternatives (Moderate),ALT
1,SYSTEM,SECTOR,ALT:GAH,Growth Alternatives (High),ALT
1,SYSTEM,SECTOR,CSH:AC,Australian Cash,CSH
1,SYSTEM,SECTOR,FI:AI,Alternative Income,FI
1,SYSTEM,SECTOR,FI:AIH,Alternative Income High,FI
1,SYSTEM,SECTOR,FI:AFI,Australian Fixed Interest,FI
1,SYSTEM,SECTOR,FI:DFI,Diversified Fixed Interest,FI
1,SYSTEM,SECTOR,FI:EMD,Emerging Market Debt,FI
1,SYSTEM,SECTOR,FI:ECD,Enhanced Cash and Deposits,FI
1,SYSTEM,SECTOR,FI:GFI,Global Fixed Interest,FI
1,SYSTEM,SECTOR,FI:M,Mortgage,FI
1,SYSTEM,SECTOR,FI:UB,Unconstrained Bond,FI
1,SYSTEM,SECTOR,GEQ:GEM,Global Emerging Markets,GEQ
1,SYSTEM,SECTOR,GEQ:GLC,Global Large Cap,GEQ
1,SYSTEM,SECTOR,GEQ:GLS,Global Long Short,GEQ
1,SYSTEM,SECTOR,GEQ:GSC,Global Smaller Companies,GEQ
1,SYSTEM,SECTOR,MA:20GA,0-20% Growth Assets,MA
1,SYSTEM,SECTOR,MA:40GA,21-40% Growth Assets,MA
1,SYSTEM,SECTOR,MA:60GA,41-60% Growth Assets,MA
1,SYSTEM,SECTOR,MA:80GA,61-80% Growth Assets,MA
1,SYSTEM,SECTOR,MA:100GA,81-100% Growth Assets,MA
1,SYSTEM,SECTOR,MA:GGA,>100% Growth Assets,MA
1,SYSTEM,SECTOR,MA:VGA,Variable Growth Assets,MA
1,SYSTEM,SECTOR,PI:ALI,Australian Listed Infrastructure,PI
1,SYSTEM,SECTOR,PI:ALP,Australian Listed Property,PI
1,SYSTEM,SECTOR,PI:DA,Direct Assets,PI
1,SYSTEM,SECTOR,PI:GLI,Global Listed Infrastructure,PI
1,SYSTEM,SECTOR,PI:GLP,Global Listed Property,PI
1,SYSTEM,SECTOR,SPEC:RET,Retirement Products,SPEC
1,SYSTEM,SECTOR,SPEC:SMA,SMA Platforms,SPEC
1,SYSTEM,SECTOR,SPEC:SP,Structured Products,SPEC
1,SYSTEM,SUBSECTOR,AEQ:ALP:AR,Absolute Return,AEQ:ALP
1,SYSTEM,SUBSECTOR,AEQ:ALP:BCE,Broad Cap - Passive,AEQ:ALP
1,SYSTEM,SUBSECTOR,AEQ:ALP:CSN,Core / Style Neutral,AEQ:ALP
1,SYSTEM,SUBSECTOR,AEQ:ALP:GE,Geared,AEQ:ALP
1,SYSTEM,SUBSECTOR,AEQ:ALP:GR,Growth,AEQ:ALP
1,SYSTEM,SUBSECTOR,AEQ:ALP:IDF,Income Dividend Focused,AEQ:ALP
1,SYSTEM,SUBSECTOR,AEQ:ALP:IDSPR,Index - Superannuation,AEQ:ALP
1,SYSTEM,SUBSECTOR,AEQ:ALP:IDX,Index,AEQ:ALP
1,SYSTEM,SUBSECTOR,AEQ:ALP:IE,Income - Passive,AEQ:ALP
1,SYSTEM,SUBSECTOR,AEQ:ALP:IS,Income Specialised,AEQ:ALP
1,SYSTEM,SUBSECTOR,AEQ:ALP:ISM,Income - SMA,AEQ:ALP
1,SYSTEM,SUBSECTOR,AEQ:ALP:LCE,Large Cap - Passive,AEQ:ALP
1,SYSTEM,SUBSECTOR,AEQ:ALP:LCS,Large Cap - SMA,AEQ:ALP
1,SYSTEM,SUBSECTOR,AEQ:ALP:LIC,LIC,AEQ:ALP
1,SYSTEM,SUBSECTOR,AEQ:ALP:MM,Multi-Manager,AEQ:ALP
1,SYSTEM,SUBSECTOR,AEQ:ALP:MMG,Multi-Manager (Geared),AEQ:ALP
1,SYSTEM,SUBSECTOR,AEQ:ALP:RI,Responsible Investment,AEQ:ALP
1,SYSTEM,SUBSECTOR,AEQ:ALP:SEE,Sector - Passive,AEQ:ALP
1,SYSTEM,SUBSECTOR,AEQ:ALP:STE,Strategy - Passive,AEQ:ALP
1,SYSTEM,SUBSECTOR,AEQ:ALP:V,Value,AEQ:ALP
1,SYSTEM,SUBSECTOR,AEQ:ALS:AE,Active Extension,AEQ:ALS
1,SYSTEM,SUBSECTOR,AEQ:ALS:LIC,LIC,AEQ:ALS
1,SYSTEM,SUBSECTOR,AEQ:ALS:VB,Variable Beta,AEQ:ALS
1,SYSTEM,SUBSECTOR,AEQ:ASC:ETF,Passive,AEQ:ASC
1,SYSTEM,SUBSECTOR,AEQ:ASC:LIC,LIC,AEQ:ASC
1,SYSTEM,SUBSECTOR,AEQ:ASC:MICC,Micro Cap,AEQ:ASC
1,SYSTEM,SUBSECTOR,AEQ:ASC:MIDC,Mid Cap,AEQ:ASC
1,SYSTEM,SUBSECTOR,AEQ:ASC:MM,Multi-Manager,AEQ:ASC
1,SYSTEM,SUBSECTOR,AEQ:ASC:SC,Small Cap,AEQ:ASC
1,SYSTEM,SUBSECTOR,AEQ:ASC:SMA,SMA,AEQ:ASC
1,SYSTEM,SUBSECTOR,ALT:GAH:COME,Commodity - Passive,ALT:GAH
1,SYSTEM,SUBSECTOR,ALT:GAH:CURE,Currency - Passive,ALT:GAH
1,SYSTEM,SUBSECTOR,ALT:GAH:M,Macro,ALT:GAH
1,SYSTEM,SUBSECTOR,ALT:GAH:MF,Managed Futures,ALT:GAH
1,SYSTEM,SUBSECTOR,ALT:GAH:MKTN,Market Neutral,ALT:GAH
1,SYSTEM,SUBSECTOR,ALT:GAH:MN,Macro (Currency),ALT:GAH
1,SYSTEM,SUBSECTOR,ALT:GAH:PE,Private Equity,ALT:GAH
1,SYSTEM,SUBSECTOR,ALT:GAM:ED,Event Driven,ALT:GAM
1,SYSTEM,SUBSECTOR,ALT:GAM:FO,FOHF,ALT:GAM
1,SYSTEM,SUBSECTOR,ALT:GAM:LIC,LIC,ALT:GAM
1,SYSTEM,SUBSECTOR,ALT:GAM:M,Macro,ALT:GAM
1,SYSTEM,SUBSECTOR,ALT:GAM:MC,Macro (Currency),ALT:GAM
1,SYSTEM,SUBSECTOR,ALT:GAM:MN,Market Neutral,ALT:GAM
1,SYSTEM,SUBSECTOR,ALT:GAM:SRP,Systematic Risk Premia,ALT:GAM
1,SYSTEM,SUBSECTOR,ALT:GAM:V,Volatility,ALT:GAM
1,SYSTEM,SUBSECTOR,FI:AFI:CRED,Credit - Passive,FI:AFI
1,SYSTEM,SUBSECTOR,FI:AFI:ETF,Govt - Passive,FI:AFI
1,SYSTEM,SUBSECTOR,FI:AFI:IDSPR,Index - Superannuation,FI:AFI
1,SYSTEM,SUBSECTOR,FI:AFI:IDX,Broad - Passive,FI:AFI
1,SYSTEM,SUBSECTOR,FI:AFI:LIT,LIT,FI:AFI
1,SYSTEM,SUBSECTOR,FI:AI:MM,Multi-Manager,FI:AI
1,SYSTEM,SUBSECTOR,FI:AI:PA,Passive,FI:AI
1,SYSTEM,SUBSECTOR,FI:AIH:LIT,LIT,FI:AIH
1,SYSTEM,SUBSECTOR,FI:AIH:SMA,SMA,FI:AIH
1,SYSTEM,SUBSECTOR,FI:DFI:IDX,Passive,FI:DFI
1,SYSTEM,SUBSECTOR,FI:DFI:MM,Multi-Manager,FI:DFI
1,SYSTEM,SUBSECTOR,FI:ECD:ETF,ETF,FI:ECD
1,SYSTEM,SUBSECTOR,FI:ECD:PSN,Pension,FI:ECD
1,SYSTEM,SUBSECTOR,FI:ECD:SPR,Superannuation,FI:ECD
1,SYSTEM,SUBSECTOR,FI:GFI:EMD,EMD - Passive,FI:GFI
1,SYSTEM,SUBSECTOR,FI:GFI:ETF,Credit - Passive,FI:GFI
1,SYSTEM,SUBSECTOR,FI:GFI:GOVT,Govt - Passive,FI:GFI
1,SYSTEM,SUBSECTOR,FI:GFI:IDSPR,Index - Superannuation,FI:GFI
1,SYSTEM,SUBSECTOR,FI:GFI:IDX,Broad - Passive,FI:GFI
1,SYSTEM,SUBSECTOR,GEQ:GEM:ETF,Passive,GEQ:GEM
1,SYSTEM,SUBSECTOR,GEQ:GEM:MM,Multi-Manager,GEQ:GEM
1,SYSTEM,SUBSECTOR,GEQ:GEM:REGAS,Regional - Asia,GEQ:GEM
1,SYSTEM,SUBSECTOR,GEQ:GEM:REGCH,Regional - China,GEQ:GEM
1,SYSTEM,SUBSECTOR,GEQ:GEM:REGIN,Regional - India,GEQ:GEM
1,SYSTEM,SUBSECTOR,GEQ:GEM:REGLA,Regional - Latin America,GEQ:GEM
1,SYSTEM,SUBSECTOR,GEQ:GEM:SPEC,Specialised,GEQ:GEM
1,SYSTEM,SUBSECTOR,GEQ:GLC:AP,Asia - Passive,GEQ:GLC
1,SYSTEM,SUBSECTOR,GEQ:GLC:ETF,Broad Cap - Passive,GEQ:GLC
1,SYSTEM,SUBSECTOR,GEQ:GLC:ETFCH,Broad Cap Hedged - Passive,GEQ:GLC
1,SYSTEM,SUBSECTOR,GEQ:GLC:FC,Fundamental Core,GEQ:GLC
1,SYSTEM,SUBSECTOR,GEQ:GLC:FCH,Fundamental (Currency Hedged),GEQ:GLC
1,SYSTEM,SUBSECTOR,GEQ:GLC:FG,Fundamental Growth,GEQ:GLC
1,SYSTEM,SUBSECTOR,GEQ:GLC:FT,Fundamental Thematic,GEQ:GLC
1,SYSTEM,SUBSECTOR,GEQ:GLC:FV,Fundamental Value,GEQ:GLC
1,SYSTEM,SUBSECTOR,GEQ:GLC:FVCH,Fundamental (Variable Currency Hedged),GEQ:GLC
1,SYSTEM,SUBSECTOR,GEQ:GLC:IDF,Income Dividend Focused,GEQ:GLC
1,SYSTEM,SUBSECTOR,GEQ:GLC:IDFCH,Income Dividend Focused (Currency Hedged),GEQ:GLC
1,SYSTEM,SUBSECTOR,GEQ:GLC:IDSPR,Superannuation - Passive,GEQ:GLC
1,SYSTEM,SUBSECTOR,GEQ:GLC:IS,Income Specialised,GEQ:GLC
1,SYSTEM,SUBSECTOR,GEQ:GLC:LIC,LIC,GEQ:GLC
1,SYSTEM,SUBSECTOR,GEQ:GLC:MM,Multi-Manager,GEQ:GLC
1,SYSTEM,SUBSECTOR,GEQ:GLC:MMCH,Multi-Manager (Currency Hedged),GEQ:GLC
1,SYSTEM,SUBSECTOR,GEQ:GLC:QU,Quantitative,GEQ:GLC
1,SYSTEM,SUBSECTOR,GEQ:GLC:QUCH,Quantitative (Currency Hedged),GEQ:GLC
1,SYSTEM,SUBSECTOR,GEQ:GLC:REGETF,Regional - Passive,GEQ:GLC
1,SYSTEM,SUBSECTOR,GEQ:GLC:REGUS,Regional - USA,GEQ:GLC
1,SYSTEM,SUBSECTOR,GEQ:GLC:RI,Responsible Investment,GEQ:GLC
1,SYSTEM,SUBSECTOR,GEQ:GLC:SEA,Sector - Agribusiness,GEQ:GLC
1,SYSTEM,SUBSECTOR,GEQ:GLC:SEETF,Sector - Passive,GEQ:GLC
1,SYSTEM,SUBSECTOR,GEQ:GLC:SENR,Sector - Natural Resources,GEQ:GLC
1,SYSTEM,SUBSECTOR,GEQ:GLC:SET,Sector - Technology,GEQ:GLC
1,SYSTEM,SUBSECTOR,GEQ:GLC:SMA,SMA,GEQ:GLC
1,SYSTEM,SUBSECTOR,GEQ:GLC:SP,Strategy - Passive,GEQ:GLC
1,SYSTEM,SUBSECTOR,GEQ:GLC:SPEC,Specialised,GEQ:GLC
1,SYSTEM,SUBSECTOR,GEQ:GLC:USP,US - Passive,GEQ:GLC
1,SYSTEM,SUBSECTOR,GEQ:GLS:EU,Europe,GEQ:GLS
1,SYSTEM,SUBSECTOR,GEQ:GLS:GL,Global,GEQ:GLS
1,SYSTEM,SUBSECTOR,GEQ:GLS:LIC,LIC,GEQ:GLS
1,SYSTEM,SUBSECTOR,GEQ:GLS:QU,Quantitative,GEQ:GLS
1,SYSTEM,SUBSECTOR,GEQ:GLS:REGAS,Regional - Asia,GEQ:GLS
1,SYSTEM,SUBSECTOR,GEQ:GLS:SE,Sector,GEQ:GLS
1,SYSTEM,SUBSECTOR,GEQ:GSC:ETF,Passive,GEQ:GSC
1,SYSTEM,SUBSECTOR,GEQ:GSC:MM,Multi-Manager,GEQ:GSC
1,SYSTEM,SUBSECTOR,GEQ:GSC:QU,Quantitative,GEQ:GSC
1,SYSTEM,SUBSECTOR,GEQ:GSC:RI,Responsible Investment,GEQ:GSC
1,SYSTEM,SUBSECTOR,GEQ:GSC:SC,Fundamental,GEQ:GSC
1,SYSTEM,SUBSECTOR,GEQ:GSC:SCCH,Fundamental (Currency Hedged),GEQ:GSC
1,SYSTEM,SUBSECTOR,MA:100GA:DIV,Diversified,MA:100GA
1,SYSTEM,SUBSECTOR,MA:100GA:LCD,Low-Cost Diversified,MA:100GA
1,SYSTEM,SUBSECTOR,MA:100GA:MM,Multi-Manager,MA:100GA
1,SYSTEM,SUBSECTOR,MA:100GA:MMG,Multi-Manager (Geared),MA:100GA
1,SYSTEM,SUBSECTOR,MA:100GA:SMA,SMA,MA:100GA
1,SYSTEM,SUBSECTOR,MA:100GA:SPR,Superannuation,MA:100GA
1,SYSTEM,SUBSECTOR,MA:20GA:DIV,Diversified,MA:20GA
1,SYSTEM,SUBSECTOR,MA:20GA:LCD,Low-Cost Diversified,MA:20GA
1,SYSTEM,SUBSECTOR,MA:20GA:MM,Multi-Manager,MA:20GA
1,SYSTEM,SUBSECTOR,MA:20GA:SMA,SMA,MA:20GA
1,SYSTEM,SUBSECTOR,MA:20GA:SPR,Superannuation,MA:20GA
1,SYSTEM,SUBSECTOR,MA:40GA:DIV,Diversified,MA:40GA
1,SYSTEM,SUBSECTOR,MA:40GA:LCD,Low-Cost Diversified,MA:40GA
1,SYSTEM,SUBSECTOR,MA:40GA:MM,Multi-Manager,MA:40GA
1,SYSTEM,SUBSECTOR,MA:40GA:SMA,SMA,MA:40GA
1,SYSTEM,SUBSECTOR,MA:40GA:SPR,Superannuation,MA:40GA
1,SYSTEM,SUBSECTOR,MA:60GA:DIV,Diversified,MA:60GA
1,SYSTEM,SUBSECTOR,MA:60GA:LCD,Low-Cost Diversified,MA:60GA
1,SYSTEM,SUBSECTOR,MA:60GA:MM,Multi-Manager,MA:60GA
1,SYSTEM,SUBSECTOR,MA:60GA:SMA,SMA,MA:60GA
1,SYSTEM,SUBSECTOR,MA:60GA:SPR,Superannuation,MA:60GA
1,SYSTEM,SUBSECTOR,MA:80GA:DIV,Diversified,MA:80GA
1,SYSTEM,SUBSECTOR,MA:80GA:LCD,Low-Cost Diversified,MA:80GA
1,SYSTEM,SUBSECTOR,MA:80GA:MM,Multi-Manager,MA:80GA
1,SYSTEM,SUBSECTOR,MA:80GA:SMA,SMA,MA:80GA
1,SYSTEM,SUBSECTOR,MA:80GA:SPR,Superannuation,MA:80GA
1,SYSTEM,SUBSECTOR,MA:GGA:MMG,Multi-Manager (Geared),MA:GGA
1,SYSTEM,SUBSECTOR,MA:VGA:MAI,Multi-Asset Income,MA:VGA
1,SYSTEM,SUBSECTOR,MA:VGA:RR,Real Return,MA:VGA
1,SYSTEM,SUBSECTOR,MA:VGA:RRG,Real Return (Geared),MA:VGA
1,SYSTEM,SUBSECTOR,MA:VGA:SPEC,Specialised,MA:VGA
1,SYSTEM,SUBSECTOR,PI:ALP:ARI,A-REITs & Infrastructure,PI:ALP
1,SYSTEM,SUBSECTOR,PI:ALP:ETF,Passive,PI:ALP
1,SYSTEM,SUBSECTOR,PI:ALP:HY,Hybrid,PI:ALP
1,SYSTEM,SUBSECTOR,PI:ALP:IDSPR,Index - Superannuation,PI:ALP
1,SYSTEM,SUBSECTOR,PI:ALP:IDX,Index,PI:ALP
1,SYSTEM,SUBSECTOR,PI:ALP:LIT,LIT,PI:ALP
1,SYSTEM,SUBSECTOR,PI:ALP:MM,Multi-Manager,PI:ALP
1,SYSTEM,SUBSECTOR,PI:ALP:SMA,SMA,PI:ALP
1,SYSTEM,SUBSECTOR,PI:DA:BP,Business and Property,PI:DA
1,SYSTEM,SUBSECTOR,PI:DA:DIV,Diversified,PI:DA
1,SYSTEM,SUBSECTOR,PI:DA:HC,Healthcare,PI:DA
1,SYSTEM,SUBSECTOR,PI:DA:IND,Industrial,PI:DA
1,SYSTEM,SUBSECTOR,PI:DA:INF,Infrastructure,PI:DA
1,SYSTEM,SUBSECTOR,PI:DA:OF,Office,PI:DA
1,SYSTEM,SUBSECTOR,PI:DA:RES,Residential,PI:DA
1,SYSTEM,SUBSECTOR,PI:DA:RET,Retail,PI:DA
1,SYSTEM,SUBSECTOR,PI:GLI:CH,Currency Hedged,PI:GLI
1,SYSTEM,SUBSECTOR,PI:GLI:HY,Hybrid,PI:GLI
1,SYSTEM,SUBSECTOR,PI:GLI:LIC,LIC,PI:GLI
1,SYSTEM,SUBSECTOR,PI:GLI:MM,Multi-Manager,PI:GLI
1,SYSTEM,SUBSECTOR,PI:GLI:PA,Passive,PI:GLI
1,SYSTEM,SUBSECTOR,PI:GLI:REGEE,Regional - Emerging Markets,PI:GLI
1,SYSTEM,SUBSECTOR,PI:GLP:CH,Currency Hedged,PI:GLP
1,SYSTEM,SUBSECTOR,PI:GLP:ETF,Passive,PI:GLP
1,SYSTEM,SUBSECTOR,PI:GLP:LIC,LIC,PI:GLP
1,SYSTEM,SUBSECTOR,PI:GLP:MM,Multi-Manager,PI:GLP
1,SYSTEM,SUBSECTOR,PI:GLP:REGAS,Regional - Asia,PI:GLP
1,SYSTEM,SUBSECTOR,SPEC:SP:CE,Closed-Ended,SPEC:SP
1,SYSTEM,SUBSECTOR,SPEC:SP:OE,Open-Ended,SPEC:SP
1,SYSTEM,DataCollection,PERFORMANCEDATA,Performance Data,
1,SYSTEM,DataCollection,PORTFOLIOHOLDINGS,Portfolio Holdings,
1,SYSTEM,DataCollection,QUARTERLYCOMMENTARY,Quarterly Commentary,
2,SYSTEM_SR,QuestionnaireType,MONTH,Monthly,
2,SYSTEM_SR,QuestionnaireType,QUARTER,Quarterly,
2,SYSTEM_SR,QuestionnaireType,ANNUAL,Annual,
2,SYSTEM_SR,QuestionnaireType,INFINITY,Infinity,
2,SYSTEM_SR,QuestionnaireType,KIWISAVER,KiwiSaver,
2,SYSTEM_SR,ProductType,ACCUMULATION,Accumulation,
2,SYSTEM_SR,ProductType,MYSUPER,MySuper,
2,SYSTEM_SR,ProductType,PENSION,Pension,
3,SYSTEM_LR,QuestionnaireType,ANNUAL,Annual,
3,SYSTEM_LR,AssetClassType,AEQ,Australian Equities,
3,SYSTEM_LR,AssetClassType,ALT,Australian Long Term,
3,SYSTEM_LR,SectorType,ALP,Australian Large Cap,
3,SYSTEM_LR,SectorType,ASC,Australian Short Cap,
3,SYSTEM_LR,SectorType,AR,Absolute Return,
3,SYSTEM_LR,SectorType,BCE,Broad Cap Passive,
3,SYSTEM_LR,SubSectorType,COME,Commodity Passive,
3,SYSTEM_LR,SubSectorType,CURE,Currency Passive,
3,SYSTEM_LR,PeerGroup,AEQ:ALP:IDSPR,Index - Superannuation,
3,SYSTEM_LR,PeerGroup,AEQ:ALP:IDX,Index,
3,SYSTEM_LR,PeerGroup,AEQ:ALP:IE,Income - Passive,
3,SYSTEM_LR,PeerGroup,AEQ:ALP:LCE,Large Cap - Passive,
3,SYSTEM_LR,PeerGroup,AEQ:ALP:SEE,Sector - Passive,
3,SYSTEM_LR,PeerGroup,AEQ:ALP:STE,Strategy - Passive,
3,SYSTEM_LR,PeerGroup,AEQ:ASC:ETF,Passive,
3,SYSTEM_LR,PeerGroup,ALT:GAH:COME,Commodity - Passive,
3,SYSTEM_LR,PeerGroup,ALT:GAH:CURE,Currency - Passive,
3,SYSTEM_LR,PeerGroup,FI:AFI:CRED,Credit - Passive,
3,SYSTEM_LR,PeerGroup,FI:AFI:ETF,Govt - Passive,
3,SYSTEM_LR,PeerGroup,FI:AFI:IDSPR,Index - Superannuation,
3,SYSTEM_LR,PeerGroup,FI:AFI:IDX,Broad - Passive,
3,SYSTEM_LR,PeerGroup,FI:AI:PA,Passive,
3,SYSTEM_LR,PeerGroup,FI:DFI:IDX,Passive,
3,SYSTEM_LR,PeerGroup,FI:ECD:ETF,ETF,
3,SYSTEM_LR,PeerGroup,FI:GFI:EMD,EMD - Passive,
3,SYSTEM_LR,PeerGroup,FI:GFI:ETF,Credit - Passive,
3,SYSTEM_LR,PeerGroup,FI:GFI:GOVT,Govt - Passive,
3,SYSTEM_LR,PeerGroup,FI:GFI:IDSPR,Index - Superannuation,
3,SYSTEM_LR,PeerGroup,FI:GFI:IDX,Broad - Passive,
3,SYSTEM_LR,PeerGroup,GEQ:GEM:ETF,Passive,
3,SYSTEM_LR,PeerGroup,GEQ:GLC:AP,Asia - Passive,
3,SYSTEM_LR,PeerGroup,GEQ:GLC:ETF,Broad Cap - Passive,
3,SYSTEM_LR,PeerGroup,GEQ:GLC:ETFCH,Broad Cap Hedged - Passive,
3,SYSTEM_LR,PeerGroup,GEQ:GLC:IDSPR,Superannuation - Passive,
3,SYSTEM_LR,PeerGroup,GEQ:GLC:REGETF,Regional - Passive,
3,SYSTEM_LR,PeerGroup,GEQ:GLC:SEETF,Sector - Passive,
3,SYSTEM_LR,PeerGroup,GEQ:GLC:USP,US - Passive,
3,SYSTEM_LR,PeerGroup,GEQ:GLC:SP,Strategy - Passive,
3,SYSTEM_LR,PeerGroup,GEQ:GSC:ETF,Passive,
3,SYSTEM_LR,PeerGroup,PI:ALP:ETF,Passive,
3,SYSTEM_LR,PeerGroup,PI:ALP:IDSPR,Index - Superannuation,
3,SYSTEM_LR,PeerGroup,PI:ALP:IDX,Index,
3,SYSTEM_LR,PeerGroup,PI:GLI:PA,Passive,
3,SYSTEM_LR,PeerGroup,PI:GLP:ETF,Passive,
3,SYSTEM_LR,PeerGroupName,AEQ:ALP:AR,Absolute Return,
3,SYSTEM_LR,PeerGroupName,AEQ:ALP:BCE,Broad Cap - Passive,
3,SYSTEM_LR,PeerGroupName,AEQ:ALP:CSN,Core / Style Neutral,
3,SYSTEM_LR,PeerGroupName,AEQ:ALP:GE,Geared,
3,SYSTEM_LR,PeerGroupName,AEQ:ALP:GR,Growth,
3,SYSTEM_LR,PeerGroupName,AEQ:ALP:IDF,Income Dividend Focused,
3,SYSTEM_LR,PeerGroupName,AEQ:ALP:IDSPR,Index - Superannuation,
3,SYSTEM_LR,PeerGroupName,AEQ:ALP:IDX,Index,
3,SYSTEM_LR,PeerGroupName,AEQ:ALP:IE,Income - Passive,
3,SYSTEM_LR,PeerGroupName,AEQ:ALP:IS,Income Specialised,
3,SYSTEM_LR,PeerGroupName,AEQ:ALP:ISM,Income - SMA,
3,SYSTEM_LR,PeerGroupName,AEQ:ALP:LCE,Large Cap - Passive,
3,SYSTEM_LR,PeerGroupName,AEQ:ALP:LCS,Large Cap - SMA,
3,SYSTEM_LR,PeerGroupName,AEQ:ALP:LIC,LIC,
3,SYSTEM_LR,PeerGroupName,AEQ:ALP:MM,Multi-Manager,
3,SYSTEM_LR,PeerGroupName,AEQ:ALP:MMG,Multi-Manager (Geared),
3,SYSTEM_LR,PeerGroupName,AEQ:ALP:RI,Responsible Investment,
3,SYSTEM_LR,PeerGroupName,AEQ:ALP:SEE,Sector - Passive,
3,SYSTEM_LR,PeerGroupName,AEQ:ALP:STE,Strategy - Passive,
3,SYSTEM_LR,PeerGroupName,AEQ:ALP:V,Value,
3,SYSTEM_LR,PeerGroupName,AEQ:ALS:AE,Active Extension,
3,SYSTEM_LR,PeerGroupName,AEQ:ALS:LIC,LIC,
3,SYSTEM_LR,PeerGroupName,AEQ:ALS:VB,Variable Beta,
3,SYSTEM_LR,PeerGroupName,AEQ:ASC:ETF,Passive,
3,SYSTEM_LR,PeerGroupName,AEQ:ASC:LIC,LIC,
3,SYSTEM_LR,PeerGroupName,AEQ:ASC:MICC,Micro Cap,
3,SYSTEM_LR,PeerGroupName,AEQ:ASC:MIDC,Mid Cap,
3,SYSTEM_LR,PeerGroupName,AEQ:ASC:MM,Multi-Manager,
3,SYSTEM_LR,PeerGroupName,AEQ:ASC:SC,Small Cap,
3,SYSTEM_LR,PeerGroupName,AEQ:ASC:SMA,SMA,
3,SYSTEM_LR,PeerGroupName,ALT:GAH:COME,Commodity - Passive,
3,SYSTEM_LR,PeerGroupName,ALT:GAH:CURE,Currency - Passive,
3,SYSTEM_LR,PeerGroupName,ALT:GAH:M,Macro,
3,SYSTEM_LR,PeerGroupName,ALT:GAH:MF,Managed Futures,
3,SYSTEM_LR,PeerGroupName,ALT:GAH:MKTN,Market Neutral,
3,SYSTEM_LR,PeerGroupName,ALT:GAH:MN,Macro (Currency),
3,SYSTEM_LR,PeerGroupName,ALT:GAH:PE,Private Equity,
3,SYSTEM_LR,PeerGroupName,ALT:GAM:ED,Event Driven,
3,SYSTEM_LR,PeerGroupName,ALT:GAM:FO,FOHF,
3,SYSTEM_LR,PeerGroupName,ALT:GAM:LIC,LIC,
3,SYSTEM_LR,PeerGroupName,ALT:GAM:M,Macro,
3,SYSTEM_LR,PeerGroupName,ALT:GAM:MC,Macro (Currency),
3,SYSTEM_LR,PeerGroupName,ALT:GAM:MN,Market Neutral,
3,SYSTEM_LR,PeerGroupName,ALT:GAM:SRP,Systematic Risk Premia,
3,SYSTEM_LR,PeerGroupName,ALT:GAM:V,Volatility,
3,SYSTEM_LR,PeerGroupName,FI:AFI:CRED,Credit - Passive,
3,SYSTEM_LR,PeerGroupName,FI:AFI:ETF,Govt - Passive,
3,SYSTEM_LR,PeerGroupName,FI:AFI:IDSPR,Index - Superannuation,
3,SYSTEM_LR,PeerGroupName,FI:AFI:IDX,Broad - Passive,
3,SYSTEM_LR,PeerGroupName,FI:AFI:LIT,LIT,
3,SYSTEM_LR,PeerGroupName,FI:AI:MM,Multi-Manager,
3,SYSTEM_LR,PeerGroupName,FI:AI:PA,Passive,
3,SYSTEM_LR,PeerGroupName,FI:AIH:LIT,LIT,
3,SYSTEM_LR,PeerGroupName,FI:AIH:SMA,SMA,
3,SYSTEM_LR,PeerGroupName,FI:DFI:IDX,Passive,
3,SYSTEM_LR,PeerGroupName,FI:DFI:MM,Multi-Manager,
3,SYSTEM_LR,PeerGroupName,FI:ECD:ETF,ETF,
3,SYSTEM_LR,PeerGroupName,FI:ECD:PSN,Pension,
3,SYSTEM_LR,PeerGroupName,FI:ECD:SPR,Superannuation,
3,SYSTEM_LR,PeerGroupName,FI:GFI:EMD,EMD - Passive,
3,SYSTEM_LR,PeerGroupName,FI:GFI:ETF,Credit - Passive,
3,SYSTEM_LR,PeerGroupName,FI:GFI:GOVT,Govt - Passive,
3,SYSTEM_LR,PeerGroupName,FI:GFI:IDSPR,Index - Superannuation,
3,SYSTEM_LR,PeerGroupName,FI:GFI:IDX,Broad - Passive,
3,SYSTEM_LR,PeerGroupName,GEQ:GEM:ETF,Passive,
3,SYSTEM_LR,PeerGroupName,GEQ:GEM:MM,Multi-Manager,
3,SYSTEM_LR,PeerGroupName,GEQ:GEM:REGAS,Regional - Asia,
3,SYSTEM_LR,PeerGroupName,GEQ:GEM:REGCH,Regional - China,
3,SYSTEM_LR,PeerGroupName,GEQ:GEM:REGIN,Regional - India,
3,SYSTEM_LR,PeerGroupName,GEQ:GEM:REGLA,Regional - Latin America,
3,SYSTEM_LR,PeerGroupName,GEQ:GEM:SPEC,Specialised,
3,SYSTEM_LR,PeerGroupName,GEQ:GLC:AP,Asia - Passive,
3,SYSTEM_LR,PeerGroupName,GEQ:GLC:ETF,Broad Cap - Passive,
3,SYSTEM_LR,PeerGroupName,GEQ:GLC:ETFCH,Broad Cap Hedged - Passive,
3,SYSTEM_LR,PeerGroupName,GEQ:GLC:FC,Fundamental Core,
3,SYSTEM_LR,PeerGroupName,GEQ:GLC:FCH,Fundamental (Currency Hedged),
3,SYSTEM_LR,PeerGroupName,GEQ:GLC:FG,Fundamental Growth,
3,SYSTEM_LR,PeerGroupName,GEQ:GLC:FT,Fundamental Thematic,
3,SYSTEM_LR,PeerGroupName,GEQ:GLC:FV,Fundamental Value,
3,SYSTEM_LR,PeerGroupName,GEQ:GLC:FVCH,Fundamental (Variable Currency Hedged),
3,SYSTEM_LR,PeerGroupName,GEQ:GLC:IDF,Income Dividend Focused,
3,SYSTEM_LR,PeerGroupName,GEQ:GLC:IDFCH,Income Dividend Focused (Currency Hedged),
3,SYSTEM_LR,PeerGroupName,GEQ:GLC:IDSPR,Superannuation - Passive,
3,SYSTEM_LR,PeerGroupName,GEQ:GLC:IS,Income Specialised,
3,SYSTEM_LR,PeerGroupName,GEQ:GLC:LIC,LIC,
3,SYSTEM_LR,PeerGroupName,GEQ:GLC:MM,Multi-Manager,
3,SYSTEM_LR,PeerGroupName,GEQ:GLC:MMCH,Multi-Manager (Currency Hedged),
3,SYSTEM_LR,PeerGroupName,GEQ:GLC:QU,Quantitative,
3,SYSTEM_LR,PeerGroupName,GEQ:GLC:QUCH,Quantitative (Currency Hedged),
3,SYSTEM_LR,PeerGroupName,GEQ:GLC:REGETF,Regional - Passive,
3,SYSTEM_LR,PeerGroupName,GEQ:GLC:REGUS,Regional - USA,
3,SYSTEM_LR,PeerGroupName,GEQ:GLC:RI,Responsible Investment,
3,SYSTEM_LR,PeerGroupName,GEQ:GLC:SEA,Sector - Agribusiness,
3,SYSTEM_LR,PeerGroupName,GEQ:GLC:SEETF,Sector - Passive,
3,SYSTEM_LR,PeerGroupName,GEQ:GLC:SENR,Sector - Natural Resources,
3,SYSTEM_LR,PeerGroupName,GEQ:GLC:SET,Sector - Technology,
3,SYSTEM_LR,PeerGroupName,GEQ:GLC:SMA,SMA,
3,SYSTEM_LR,PeerGroupName,GEQ:GLC:SP,Strategy - Passive,
3,SYSTEM_LR,PeerGroupName,GEQ:GLC:SPEC,Specialised,
3,SYSTEM_LR,PeerGroupName,GEQ:GLC:USP,US - Passive,
3,SYSTEM_LR,PeerGroupName,GEQ:GLS:EU,Europe,
3,SYSTEM_LR,PeerGroupName,GEQ:GLS:GL,Global,
3,SYSTEM_LR,PeerGroupName,GEQ:GLS:LIC,LIC,
3,SYSTEM_LR,PeerGroupName,GEQ:GLS:QU,Quantitative,
3,SYSTEM_LR,PeerGroupName,GEQ:GLS:REGAS,Regional - Asia,
3,SYSTEM_LR,PeerGroupName,GEQ:GLS:SE,Sector,
3,SYSTEM_LR,PeerGroupName,GEQ:GSC:ETF,Passive,
3,SYSTEM_LR,PeerGroupName,GEQ:GSC:MM,Multi-Manager,
3,SYSTEM_LR,PeerGroupName,GEQ:GSC:QU,Quantitative,
3,SYSTEM_LR,PeerGroupName,GEQ:GSC:RI,Responsible Investment,
3,SYSTEM_LR,PeerGroupName,GEQ:GSC:SC,Fundamental,
3,SYSTEM_LR,PeerGroupName,GEQ:GSC:SCCH,Fundamental (Currency Hedged),
3,SYSTEM_LR,PeerGroupName,MA:100GA:DIV,Diversified,
3,SYSTEM_LR,PeerGroupName,MA:100GA:LCD,Low-Cost Diversified,
3,SYSTEM_LR,PeerGroupName,MA:100GA:MM,Multi-Manager,
3,SYSTEM_LR,PeerGroupName,MA:100GA:MMG,Multi-Manager (Geared),
3,SYSTEM_LR,PeerGroupName,MA:100GA:SMA,SMA,
3,SYSTEM_LR,PeerGroupName,MA:100GA:SPR,Superannuation,
3,SYSTEM_LR,PeerGroupName,MA:20GA:DIV,Diversified,
3,SYSTEM_LR,PeerGroupName,MA:20GA:LCD,Low-Cost Diversified,
3,SYSTEM_LR,PeerGroupName,MA:20GA:MM,Multi-Manager,
3,SYSTEM_LR,PeerGroupName,MA:20GA:SMA,SMA,
3,SYSTEM_LR,PeerGroupName,MA:20GA:SPR,Superannuation,
3,SYSTEM_LR,PeerGroupName,MA:40GA:DIV,Diversified,
3,SYSTEM_LR,PeerGroupName,MA:40GA:LCD,Low-Cost Diversified,
3,SYSTEM_LR,PeerGroupName,MA:40GA:MM,Multi-Manager,
3,SYSTEM_LR,PeerGroupName,MA:40GA:SMA,SMA,
3,SYSTEM_LR,PeerGroupName,MA:40GA:SPR,Superannuation,
3,SYSTEM_LR,PeerGroupName,MA:60GA:DIV,Diversified,
3,SYSTEM_LR,PeerGroupName,MA:60GA:LCD,Low-Cost Diversified,
3,SYSTEM_LR,PeerGroupName,MA:60GA:MM,Multi-Manager,
3,SYSTEM_LR,PeerGroupName,MA:60GA:SMA,SMA,
3,SYSTEM_LR,PeerGroupName,MA:60GA:SPR,Superannuation,
3,SYSTEM_LR,PeerGroupName,MA:80GA:DIV,Diversified,
3,SYSTEM_LR,PeerGroupName,MA:80GA:LCD,Low-Cost Diversified,
3,SYSTEM_LR,PeerGroupName,MA:80GA:MM,Multi-Manager,
3,SYSTEM_LR,PeerGroupName,MA:80GA:SMA,SMA,
3,SYSTEM_LR,PeerGroupName,MA:80GA:SPR,Superannuation,
3,SYSTEM_LR,PeerGroupName,MA:GGA:MMG,Multi-Manager (Geared),
3,SYSTEM_LR,PeerGroupName,MA:VGA:MAI,Multi-Asset Income,
3,SYSTEM_LR,PeerGroupName,MA:VGA:RR,Real Return,
3,SYSTEM_LR,PeerGroupName,MA:VGA:RRG,Real Return (Geared),
3,SYSTEM_LR,PeerGroupName,MA:VGA:SPEC,Specialised,
3,SYSTEM_LR,PeerGroupName,PI:ALP:ARI,A-REITs & Infrastructure,
3,SYSTEM_LR,PeerGroupName,PI:ALP:ETF,Passive,
3,SYSTEM_LR,PeerGroupName,PI:ALP:HY,Hybrid,
3,SYSTEM_LR,PeerGroupName,PI:ALP:IDSPR,Index - Superannuation,
3,SYSTEM_LR,PeerGroupName,PI:ALP:IDX,Index,
3,SYSTEM_LR,PeerGroupName,PI:ALP:LIT,LIT,
3,SYSTEM_LR,PeerGroupName,PI:ALP:MM,Multi-Manager,
3,SYSTEM_LR,PeerGroupName,PI:ALP:SMA,SMA,
3,SYSTEM_LR,PeerGroupName,PI:DA:BP,Business and Property,
3,SYSTEM_LR,PeerGroupName,PI:DA:DIV,Diversified,
3,SYSTEM_LR,PeerGroupName,PI:DA:HC,Healthcare,
3,SYSTEM_LR,PeerGroupName,PI:DA:IND,Industrial,
3,SYSTEM_LR,PeerGroupName,PI:DA:INF,Infrastructure,
3,SYSTEM_LR,PeerGroupName,PI:DA:OF,Office,
3,SYSTEM_LR,PeerGroupName,PI:DA:RES,Residential,
3,SYSTEM_LR,PeerGroupName,PI:DA:RET,Retail,
3,SYSTEM_LR,PeerGroupName,PI:GLI:CH,Currency Hedged,
3,SYSTEM_LR,PeerGroupName,PI:GLI:HY,Hybrid,
3,SYSTEM_LR,PeerGroupName,PI:GLI:LIC,LIC,
3,SYSTEM_LR,PeerGroupName,PI:GLI:MM,Multi-Manager,
3,SYSTEM_LR,PeerGroupName,PI:GLI:PA,Passive,
3,SYSTEM_LR,PeerGroupName,PI:GLI:REGEE,Regional - Emerging Markets,
3,SYSTEM_LR,PeerGroupName,PI:GLP:CH,Currency Hedged,
3,SYSTEM_LR,PeerGroupName,PI:GLP:ETF,Passive,
3,SYSTEM_LR,PeerGroupName,PI:GLP:LIC,LIC,
3,SYSTEM_LR,PeerGroupName,PI:GLP:MM,Multi-Manager,
3,SYSTEM_LR,PeerGroupName,PI:GLP:REGAS,Regional - Asia,
3,SYSTEM_LR,PeerGroupName,SPEC:SP:CE,Closed-Ended,
3,SYSTEM_LR,PeerGroupName,SPEC:SP:OE,Open-Ended,
5,SALESFORCE,COMPANYCODE,ANZ,ANZ,
5,SALESFORCE,COMPANYCODE,WBC,Westpac,
6,LONSEC-CONNECT-DW,COMPANYCODE,ANZ,ANZ,
6,LONSEC-CONNECT-DW,COMPANYCODE,WBC,Westpac,
234-345- QUESTIONNAIRE-UUID,QUESTIONNAIRE,QuestionnaireAvailableSections,ASSETCLASS,Asset Class Information,
234-345- QUESTIONNAIRE-UUID,QUESTIONNAIRE,QuestionnaireAvailableSections,INVESTREMUN,Investment Team & Remuneration,
234-345- QUESTIONNAIRE-UUID,QUESTIONNAIRE,QuestionnaireAvailableSections,GENPRODINF,General Product Information,
234-345- QUESTIONNAIRE-UUID,QUESTIONNAIRE,QuestionnaireAvailableSections,SPCTP,Service Providers & Counterparties,
234-345- QUESTIONNAIRE-UUID,QUESTIONNAIRE,QuestionnaireAvailableSections,Distribution,Distribution,
234-345- QUESTIONNAIRE-UUID,QUESTIONNAIRE,QuestionnaireAvailableSections,RESAPPR,Research Approach,
,PRODUCT,QuestionnaireLimitedAccess,INVESTREMUN,INVESTREMUN,
,PRODUCT,QuestionnaireLimitedAccess,GENPRODINF,GENPRODINF,
,PRODUCT,QuestionnaireLimitedAccess,SPCTP,SPCTP,
,PRODUCT,QuestionnaireLimitedAccess,RESAPPR,RESAPPR,
7,LR,QuestionnaireType,annsecsmallcap,Australian Equities Small Cap,
7,LR,QuestionnaireType,incomemultiasset,Multi-Asset Income,
7,LR,QuestionnaireType,income,Fixed Interest,
7,LR,QuestionnaireType,areits,A-Reits & Hybrids,
7,LR,QuestionnaireType,infrastructure,Infrastructure,
7,LR,QuestionnaireType,alternatives,Alternatives,
7,LR,QuestionnaireType,gem,Global Emerging Markets and Regional Equities,
7,LR,QuestionnaireType,aeq,Australian Equities Large Cap,
7,LR,QuestionnaireType,aeqls,Australian Equities Long Short,
7,LR,QuestionnaireType,incomeglobal,Fixed Interest (Global),
7,LR,QuestionnaireType,geq, Global Equities,
7,LR,QuestionnaireType,geqlongshort, Long Short Global,
7,LR,QuestionnaireType,multiasset,Multi Asset,
7,LR,QuestionnaireType,globalproperty,Global Property Securities,
7,LR,QuestionnaireType,resinvaus,Responsible Investment (Aust. Equities),
7,LR,QuestionnaireType,resinvglobal,Responsible Investment (Global Equities),
7,LR,QuestionnaireType,holdings,Holdings,
7,LR,QuestionnaireType,MONTH,Monthly,
7,LR,QuestionnaireType,QUARTER,Quarterly,
7,SR,QuestionnaireType,MONTH,Monthly,
7,SR,QuestionnaireType,QUARTER,Quarterly,
7,SR,QuestionnaireType,ANNUAL,Annual,
7,SR,QuestionnaireType,INFINITY,Infinity,
7,SR,QuestionnaireType,KIWISAVER,KiwiSaver,
