ADV0084AU,MF-1-21509,,Advance Australian Fixed Interest Multi-Blend Fund,Fixed Interest,Australian Fixed Interest,FI:AFI,MF
ADV0069AU,MF-1-28556,,Advance Cash Multi-Blend Fund,Fixed Interest,Enhanced Cash and Deposits,FI:ECD,MF
ADV0067AU,MF-1-21557,,Advance International Fixed Interest Multi-Blend Fund,Fixed Interest,Global Fixed Interest,FI:GFI,MF
ADV0053AU,MF-1-4081,,Advance International Shares Multi-Blend Fund,Global Equities,Global Large Cap,GEQ:GLC:MM,MF
ADV0050AU,MF-1-8266,,Advance Wholesale Balanced Multi-Blend Fund,Multi-Asset,61-80% Growth Assets,MA:80GA:MM,MF
ADV0049AU,MF-1-8686,,Advance Wholesale Defensive Multi-Blend Fund,Multi-Asset,21-40% Growth Assets,MA:40GA:MM,MF
ADV0085AU,MF-1-19256,,Advance Wholesale Growth Multi-Blend Fund,Multi-Asset,81-100% Growth Assets,MA:100GA:MM,MF
ADV0087AU,MF-1-19255,,Advance Wholesale High Growth Multi-Blend Fund,Multi-Asset,81-100% Growth Assets,MA:100GA:MM,MF
ADV0091AU,MF-1-19254,,Advance Wholesale Moderate Multi-Blend Fund,Multi-Asset,41-60% Growth Assets,MA:60GA:MM,MF
CSA0130AU,MF-1-12558,,Aberdeen Active Index Income Fund,Fixed Interest,Australian Fixed Interest,FI:AFI,MF
CRS0005AU,MF-1-4168,AFZ18,Aberdeen Actively Hedged International Equities Fund,Global Equities,Global Large Cap,GEQ:GLC:FVCH,MFUND
EQI0028AU,MF-1-13528,AFZ01,Aberdeen Asian Opportunities Fund,Global Equities,Global Emerging Markets,GEQ:GEM:REGAS,MFUND
CRS0004AU,MF-1-7625,AFZ21,Aberdeen Australian Fixed Income Fund,Fixed Interest,Australian Fixed Interest,FI:AFI,MFUND
CSA0029AU,MF-1-13805,,Aberdeen Australian Floating Rate Income Fund,Fixed Interest,Enhanced Cash and Deposits,FI:ECD,MF
CSA0062AU,MF-1-23813,AFZ29,Aberdeen Diversified Fixed Income Fund,Fixed Interest,Diversified Fixed Interest,FI:DFI,MFUND
ETL0032AU,MF-1-18907,AFZ03,Aberdeen Emerging Opportunities Fund,Global Equities,Global Emerging Markets,GEQ:GEM,MFUND
CRS0003AU,MF-1-7628,AFZ19,Aberdeen EX-20 Australian Equities Fund,Australian Equities,Australian Large Cap,AEQ:ALP:GR,MFUND
CSA0135AU,MF-1-11421,AFZ30,Aberdeen Fully Hedged International Equities Fund,Global Equities,Global Large Cap,GEQ:GLC:FCH,MFUND
CRS0002AU,MF-1-4172,,Aberdeen Multi Asset Real Return Fund,Multi-Asset,Variable Growth Assets,MA:VGA:RR,MF
CRS0001AU,MF-1-7231,,Aberdeen Multi-Asset Income Fund,Multi-Asset,Variable Growth Assets,MA:VGA:MAI,MF
CSA0131AU,MF-1-11391,AFZ20,Aberdeen Wholesale Australian Small Companies Fund,Australian Equities,Australian Smaller Companies,AEQ:ASC:SC,MFUND
EQI0015AU,MF-1-7263,AFZ04,Aberdeen Wholesale International Equity Fund,Global Equities,Global Large Cap,GEQ:GLC:FG,MFUND
AMP1820AU,MF-1-30785,,AMP Capital Australian Equity Concentrated Fund,Australian Equities,Australian Large Cap,AEQ:ALP:CSN,MF
AMP1905AU,MF-1-30879,,AMP Capital Australian Equity Income Generator - Platform (Class A),Australian Equities,Australian Large Cap,AEQ:ALP:IDF,MF
AMP1783AU,MF-1-28371,,AMP Capital Australian Equity Opportunities Fund,Australian Equities,Australian Long Short,AEQ:ALS,MF
AMP1179AU,MF-1-18988,,AMP Capital Core Infrastructure Fund,Property and Infrastructure,Global Listed Infrastructure,PI:GLI:HY,MF
AMP0557AU,MF-1-22798,,AMP Capital Corporate Bond Fund  Class A,Fixed Interest,Alternative Income,FI:AI,MF
AMP1932AU,MF-1-30892,,AMP Capital Dynamic Markets Fund,Multi-Asset,Variable Growth Assets,MA:VGA:RR,MF
,FD-32055,DMKT,AMP Capital Dynamic Markets Fund (Hedge Fund),Multi-Asset,Variable Growth Assets,MA:VGA:RR,ETF
AMP0370AU,MF-1-4087,,AMP Capital Equity Fund Class A,Australian Equities,Australian Large Cap,AEQ:ALP:CSN,MF
AMP1595AU,MF-1-26738,,AMP Capital Global Infrastructure Securities Fund (Hedged)  Class A,Property and Infrastructure,Global Listed Infrastructure,PI:GLI:CH,MF
AMP1593AU,MF-1-26741,,AMP Capital Global Infrastructure Securities Fund (Unhedged)  Class A,Property and Infrastructure,Global Listed Infrastructure,PI:GLI,MF
,FD-32053,GLIN,AMP Capital Global Infrastructure Securities Fund (Unhedged) (Managed Fund),Property and Infrastructure,Global Listed Infrastructure,PI:GLI,ETF
AMP0974AU,MF-1-14499,,AMP Capital Global Property Securities Fund  Class A,Property and Infrastructure,Global Listed Property,PI:GLP:CH,MF
,FD-32054,RENT,AMP Capital Global Property Securities Fund (Unhedged),Property and Infrastructure,Global Listed Property,PI:GLP,ETF
AMP1685AU,MF-1-26927,,AMP Capital Multi-Asset Fund,Multi-Asset,Variable Growth Assets,MA:VGA:RR,MF
AMP1151AU,MF-1-23728,,AMP Capital Responsible Investment Leaders Australian Share Fund Class A,Australian Equities,Australian Large Cap,AEQ:ALP:RI,MF
AMP0455AU,MF-1-4093,,AMP Capital Responsible Investment Leaders International Share Fund Class A,Global Equities,Global Large Cap,GEQ:GLC:RI,MF
AMP1015AU,MF-1-14576,,AMP Capital Wholesale Core Property Fund,Property and Infrastructure,Australian Listed Property,PI:ALP:HY,MF
AMP2091AU,FD-32197,,AMP Dynamic Balanced Fund,Multi-Asset,61-80% Growth Assets,MA:80GA:DIV,MF
IPA0076AU,MF-1-26108,,ipac Income Generator,Multi-Asset,Variable Growth Assets,MA:VGA:MAI,MF
IPA0162AU,MF-1-28427,,ipac Life Choices Premium Growth,Multi-Asset,81-100% Growth Assets,MA:100GA:MM,MF
NMM0113AU,MF-1-6422,,North Balanced Index,Multi-Asset,61-80% Growth Assets,MA:80GA:LCD,MF
NMM0111AU,MF-1-6127,,North Defensive Index,Multi-Asset,21-40% Growth Assets,MA:40GA:LCD,MF
NMM0114AU,MF-1-6423,,North Growth Index,Multi-Asset,81-100% Growth Assets,MA:100GA:LCD,MF
IPA0167AU,MF-1-31300,,North Guardian Balanced Fund,Multi-Asset,Variable Growth Assets,MA:VGA:SPEC,MF
IPA0168AU,MF-1-31301,,North Guardian Growth Fund,Multi-Asset,Variable Growth Assets,MA:VGA:SPEC,MF
IPA0169AU,MF-1-31299,,North Guardian Moderately Defensive Fund,Multi-Asset,Variable Growth Assets,MA:VGA:SPEC,MF
NMM0115AU,MF-1-6120,,North High Growth Index,Multi-Asset,81-100% Growth Assets,MA:100GA:LCD,MF
NMM0112AU,MF-1-6128,,North Moderately Defensive Index,Multi-Asset,41-60% Growth Assets,MA:60GA:LCD,MF
IPA0057AU,MF-1-20994,,North Professional Alternative Balanced,Multi-Asset,61-80% Growth Assets,MA:80GA:MM,MF
IPA0077AU,MF-1-26725,,North Professional Balanced,Multi-Asset,61-80% Growth Assets,MA:80GA:MM,MF
IPA0176AU,MF-1-31533,,North Professional Conservative,Multi-Asset,21-40% Growth Assets,MA:40GA:MM,MF
IPA0078AU,MF-1-26726,,North Professional Growth,Multi-Asset,81-100% Growth Assets,MA:100GA:MM,MF
IPA0079AU,MF-1-26727,,North Professional High Growth,Multi-Asset,81-100% Growth Assets,MA:100GA:MM,MF
IPA0080AU,MF-1-26728,,North Professional Moderately Conservative,Multi-Asset,41-60% Growth Assets,MA:60GA:MM,MF
AMP0452AU,MF-1-4904,,Responsible Investment Leaders Balanced Fund  Class A ,Multi-Asset,61-80% Growth Assets,MA:80GA:MM,MF
AAP0008AU,MF-1-26923,,Ausbil 130/30 Focus Fund,Australian Equities,Australian Long Short,AEQ:ALS:AE,MF
AAP0103AU,MF-1-6103,,Ausbil Australian Active Equity Fund,Australian Equities,Australian Large Cap,AEQ:ALP:CSN,MF
AAP0104AU,MF-1-14325,,Ausbil Australian Emerging Leaders Fund,Australian Equities,Australian Smaller Companies,AEQ:ASC:MIDC,MF
AAP0002AU,MF-1-19246,,Ausbil Australian Geared Equity Fund,Australian Equities,Australian Large Cap,AEQ:ALP:GE,MF
AAP0007AU,MF-1-26259,,Ausbil MicroCap Fund,Australian Equities,Australian Smaller Companies,AEQ:ASC:MICC,MF
AAP0001AU,MF-1-13270,,Candriam Sustainable Global Equity Fund,Global Equities,Global Large Cap,GEQ:GLC:RI,MF
AAP0020AU,FD-32110,,MacKay Shields Unconstrained Bond Fund,Fixed Interest,Unconstrained Bond,FI:UB,MF
AUG0002AU,MF-1-6513,,Australian Ethical Australian Shares Fund,Australian Equities,Australian Large Cap,AEQ:ALP:RI,MF
AUG0004AU,MF-1-4095,,Australian Ethical Diversified Shares Fund,Australian Equities,Australian Large Cap,AEQ:ALP:RI,MF
AUG0027AU,MF-1-31850,,Australian Ethical Emerging Companies Wholesale,Australian Equities,Australian Smaller Companies,AEQ:ASC:MICC,MF
APN0008AU,MF-1-21021,APF01,APN A-REIT Fund,Property and Infrastructure,Australian Listed Property,PI:ALP,MFUND
APN0023AU,MF-1-30096,APF02,APN Asian REIT Fund,Property and Infrastructure,Global Listed Property,PI:GLP:REGAS,MFUND
APN0001AU,MF-1-4094,,APN Property for Income Fund,Property and Infrastructure,Australian Listed Property,PI:ALP:HY,MF
APN0004AU,MF-1-14527,,APN Property for Income Fund No. 2,Property and Infrastructure,Australian Listed Property,PI:ALP:HY,MF
BFL0001AU,MF-1-21321,,Bennelong Australian Equities Fund,Australian Equities,Australian Large Cap,AEQ:ALP:CSN,MF
BFL0008AU,MF-1-27016,,Bennelong Avoca Emerging Leaders Fund,Australian Equities,Australian Smaller Companies,AEQ:ASC:SC,MF
BFL0004AU,MF-1-22716,,Bennelong ex-20 Australian Equities Fund,Australian Equities,Australian Large Cap,AEQ:ALP:CSN,MF
BFL0010AU,MF-1-28372,,Bennelong Kardinia Absolute Return Fund,Australian Equities,Australian Long Short,AEQ:ALS:VB,MF
BFL0017AU,FD-31945,,Bennelong Twenty20 Australian Equities Fund,Australian Equities,Australian Large Cap,AEQ:ALP:CSN,MF
BFL0020AU,FD-31960,,Quay Global Real Estate Fund,Property and Infrastructure,Global Listed Property,PI:GLP,MF
,EF-2-31355,HVST,BetaShares Australian Dividend Harvester Fund,Australian Equities,Australian Large Cap,AEQ:ALP:IS,ETF
,EF-2-30531,AAA,BetaShares Australian High Interest Cash ETF,Fixed Interest,Enhanced Cash and Deposits,FI:ECD,ETF
,FD-32533,SMLL,BetaShares Australian Small Companies Select Fund,Australian Equities,Australian Smaller Companies,AEQ:ASC:SC,ETF
,EF-2-30511,YMAX,BetaShares Australian Top 20 Equity Yield Maximiser Fund,Australian Equities,Australian Large Cap,AEQ:ALP:IS,ETF
,EF-2-31334,UMAX,BetaShares S&P 500 Yield Maximiser Fund,Global Equities,Global Large Cap,GEQ:GLC:IS,ETF
MAL0079AU,MF-1-28345,,BlackRock Australian Equity Absolute Return Fund,Alternatives,Growth Alternatives (Moderate),ALT:GAM:MN,MF
MAL0072AU,MF-1-27349,,BlackRock Australian Equity Opportunities Fund,Australian Equities,Australian Long Short,AEQ:ALS:AE,MF
BLK0012AU,FD-32165,,BlackRock Concentrated Industrial Share Fund,Australian Equities,Australian Large Cap,AEQ:ALP:CSN,MF
BLK0003AU,MF-1-31345,,BlackRock Fixed Income Global Opportunities Fund (Aust) Class D,Fixed Interest,Unconstrained Bond,FI:UB,MF
MAL0018AU,MF-1-14633,,BlackRock Global Allocation Fund (Aust) (Class D),Multi-Asset,61-80% Growth Assets,MA:80GA:DIV,MF
BLK0009AU,FD-31950,,BlackRock Global Multi Asset Income Fund (Aust) (Class D Units),Multi-Asset,Variable Growth Assets,MA:VGA:MAI,MF
MAL0012AU,MF-1-14206,,BlackRock Monthly Income Fund,Fixed Interest,Alternative Income High,FI:AIH,MF
BLK0001AU,MF-1-30578,,BlackRock Multi Opportunity Absolute Return Fund,Alternatives,Growth Alternatives (Moderate),ALT:GAM:FO,MF
BAR0814AU,MF-1-6504,,BlackRock Scientific Australian Equity Fund,Australian Equities,Australian Large Cap,AEQ:ALP:CSN,MF
BAR0813AU,MF-1-7229,,BlackRock Scientific Diversified Growth Fund,Multi-Asset,61-80% Growth Assets,MA:80GA:DIV,MF
BAR0811AU,MF-1-7230,,BlackRock Scientific Diversified Stable Fund,Multi-Asset,21-40% Growth Assets,MA:40GA:DIV,MF
BGL0109AU,MF-1-13020,,BlackRock Scientific Hedged International Equity Fund,Global Equities,Global Large Cap,GEQ:GLC:QUCH,MF
BAR0817AU,MF-1-6506,,BlackRock Scientific International Equity Fund,Global Equities,Global Large Cap,GEQ:GLC:QU,MF
BLK0018AU,FD-32525,,BlackRock Style Advantage Fund (Aust) Class D,Alternatives,Growth Alternatives (Moderate),ALT:GAM:SRP,MF
PWA0822AU,MF-1-4246,,BlackRock Tactical Growth Fund,Alternatives,Growth Alternatives (Moderate),ALT:GAM:FO,MF
PWA0823AU,MF-1-4252,,BlackRock Wholesale Australian Share Fund,Australian Equities,Australian Long Short,AEQ:ALS:AE,MF
PWA0825AU,MF-1-6728,,BlackRock Wholesale International Bond Fund,Fixed Interest,Global Fixed Interest,FI:GFI,MF
,FD-32541,BILL,iShares Core Cash ETF,Fixed Interest,Enhanced Cash and Deposits,FI:ECD,ETF
,FD-32542,ISEC,iShares Enhanced Cash ETF,Fixed Interest,Enhanced Cash and Deposits,FI:ECD,ETF
,FD-32241,,iShares Enhanced Strategic Aggressive,Multi-Asset,81-100% Growth Assets,MA:100GA:SMA,SMA
,FD-32239,,iShares Enhanced Strategic Balanced,Multi-Asset,41-60% Growth Assets,MA:60GA:SMA,SMA
,FD-32237,,iShares Enhanced Strategic Conservative,Multi-Asset,0-20% Growth Assets,MA:20GA:SMA,SMA
,FD-32240,,iShares Enhanced Strategic Growth,Multi-Asset,61-80% Growth Assets,MA:80GA:SMA,SMA
,FD-32238,,iShares Enhanced Strategic Moderate,Multi-Asset,21-40% Growth Assets,MA:40GA:SMA,SMA
BTA0452AU,MF-1-31136,,1940s Lifestage Fund  A,Multi-Asset,21-40% Growth Assets,MA:40GA:MM,MF
BTA0453AU,MF-1-31137,,1950s Lifestage Fund  A,Multi-Asset,41-60% Growth Assets,MA:60GA:MM,MF
BTA0454AU,MF-1-31138,,1960s Lifestage Fund  A,Multi-Asset,61-80% Growth Assets,MA:80GA:MM,MF
BTA0455AU,MF-1-31139,,1970s Lifestage Fund  A,Multi-Asset,81-100% Growth Assets,MA:100GA:MM,MF
BTA0456AU,MF-1-31140,,1980s Lifestage Fund  A,Multi-Asset,81-100% Growth Assets,MA:100GA:MM,MF
BTA0457AU,MF-1-31141,,1990s Lifestage Fund  A,Multi-Asset,81-100% Growth Assets,MA:100GA:MM,MF
BTA0458AU,MF-1-31142,,2000s Lifestage Fund  A,Multi-Asset,81-100% Growth Assets,MA:100GA:MM,MF
RFA0815AU,MF-1-4328,,BT Active Balanced Wholesale Trust,Multi-Asset,61-80% Growth Assets,MA:80GA:DIV,MF
BTA0428AU,MF-1-30230,,BT Balanced Equity Income,Australian Equities,Australian Large Cap,AEQ:ALP:IS,MF
BTA0427AU,MF-1-28837,,BT Defensive Equity Income,Australian Equities,Australian Large Cap,AEQ:ALP:IS,MF
RFA0813AU,MF-1-4389,,BT Fixed Interest Wholesale Trust,Fixed Interest,Diversified Fixed Interest,FI:DFI,MF
RFA0051AU,MF-1-14906,,BT Global Property Securities Fund,Property and Infrastructure,Global Listed Property,PI:GLP:CH,MF
BTA0441AU,MF-1-31405,,BT Pure Alpha Fixed Income,Fixed Interest,Unconstrained Bond,FI:UB,MF
RFA0819AU,MF-1-4326,,BT Smaller Companies Wholesale Trust,Australian Equities,Australian Smaller Companies,AEQ:ASC:SC,MF
BTA0054AU,MF-1-4119,,BT Wholesale Asian Share Fund,Global Equities,Global Emerging Markets,GEQ:GEM:REGAS,MF
BTA0055AU,MF-1-14327,,BT Wholesale Australian Share Fund,Australian Equities,Australian Large Cap,AEQ:ALP:CSN,MF
BTA0806AU,MF-1-4105,,BT Wholesale Balanced Returns Fund,Multi-Asset,41-60% Growth Assets,MA:60GA:DIV,MF
BTA0805AU,MF-1-4129,,BT Wholesale Conservative Outlook Fund,Multi-Asset,21-40% Growth Assets,MA:40GA:DIV,MF
RFA0818AU,MF-1-6603,,BT Wholesale Core Australian Share Fund,Australian Equities,Australian Large Cap,AEQ:ALP:CSN,MF
RFA0821AU,MF-1-4322,,BT Wholesale Core Global Share Fund,Global Equities,Global Large Cap,GEQ:GLC:QU,MF
RFA0031AU,MF-1-11594,,BT Wholesale Core Hedged Global Share Fund,Global Equities,Global Large Cap,GEQ:GLC:QUCH,MF
WFS0377AU,MF-1-21538,,BT Wholesale Enhanced Cash Fund,Fixed Interest,Enhanced Cash and Deposits,FI:ECD,MF
RFA0025AU,MF-1-5314,,BT Wholesale Ethical Share Fund,Australian Equities,Australian Large Cap,AEQ:ALP:RI,MF
RFA0059AU,MF-1-18949,,BT Wholesale Focus Australian Share Fund,Australian Equities,Australian Large Cap,AEQ:ALP:CSN,MF
BTA0125AU,MF-1-4111,,BT Wholesale Future Goals Fund,Multi-Asset,61-80% Growth Assets,MA:80GA:DIV,MF
RFA0130AU,MF-1-12736,,BT Wholesale Geared Imputation Fund,Australian Equities,Australian Large Cap,AEQ:ALP:GE,MF
BTA0419AU,MF-1-28835,,BT Wholesale Global Emerging Markets Opportunities Fund,Global Equities,Global Emerging Markets,GEQ:GEM,MF
BTA0488AU,FD-32213,,BT Wholesale High Growth Fund,Multi-Asset,81-100% Growth Assets,MA:100GA:DIV,MF
RFA0103AU,MF-1-6415,,BT Wholesale Imputation Fund,Australian Equities,Australian Large Cap,AEQ:ALP:IS,MF
BTA0056AU,MF-1-4115,,BT Wholesale International Share Fund,Global Equities,Global Large Cap,GEQ:GLC:QU,MF
BTA0313AU,MF-1-23089,,BT Wholesale MidCap Fund,Australian Equities,Australian Smaller Companies,AEQ:ASC:MIDC,MF
BTA0487AU,FD-32212,,BT Wholesale Moderate Fund,Multi-Asset,41-60% Growth Assets,MA:60GA:DIV,MF
BTA0318AU,MF-1-23515,,BT Wholesale Monthly Income Plus Fund,Multi-Asset,Variable Growth Assets,MA:VGA:MAI,MF
BTA0221AU,MF-1-11311,,BT Wholesale Multi-manager Balanced Fund,Multi-Asset,61-80% Growth Assets,MA:80GA:MM,MF
BTA0222AU,MF-1-11306,,BT Wholesale Multi-manager Conservative Fund,Multi-Asset,21-40% Growth Assets,MA:40GA:MM,MF
BTA0223AU,MF-1-11315,,BT Wholesale Multi-manager Growth Fund,Multi-Asset,81-100% Growth Assets,MA:100GA:MM,MF
BTA0246AU,MF-1-11319,,BT Wholesale Multi-manager High Growth Fund,Multi-Asset,81-100% Growth Assets,MA:100GA:MM,MF
BTA0261AU,MF-1-20377,,BT Wholesale Multi-manager International Share Fund,Global Equities,Global Large Cap,GEQ:GLC:MM,MF
BTA0061AU,MF-1-4125,,BT Wholesale Property Securities Fund,Property and Infrastructure,Australian Listed Property,PI:ALP,MF
WHT0053AU,MF-1-30040,,Capital Group Emerging Markets Total Opportunities Fund (AU),Global Equities,Global Emerging Markets,GEQ:GEM:SPEC,MF
WHT0044AU,MF-1-30039,,Capital Group Global Equity Fund (AU),Global Equities,Global Large Cap,GEQ:GLC:FC,MF
WHT0043AU,MF-1-30038,,Capital Group Global Equity Fund Hedged (AU),Global Equities,Global Large Cap,GEQ:GLC:FCH,MF
CIM0006AU,FD-31957,,Capital Group New Perspective Fund (AU),Global Equities,Global Large Cap,GEQ:GLC:FG,MF
CIM0008AU,FD-31958,,Capital Group New Perspective Fund Hedged (AU),Global Equities,Global Large Cap,GEQ:GLC:FCH,MF
CIM0002AU,MF-1-31344,,Capital Group World Dividend Growers (AU),Global Equities,Global Large Cap,GEQ:GLC:IDF,MF
CIM0003AU,MF-1-31696,,Capital Group World Dividend Growers Hedged (AU),Global Equities,Global Large Cap,GEQ:GLC:IDFCH,MF
,MF-1-31230,,CareSuper  Alternative Growth,Multi-Asset,61-80% Growth Assets,MA:80GA:SPR,SUP
,MF-1-31233,,CareSuper  Balanced,Multi-Asset,61-80% Growth Assets,MA:80GA:SPR,SUP
,MF-1-31235,,CareSuper  Capital Stable,Multi-Asset,21-40% Growth Assets,MA:40GA:SPR,SUP
,MF-1-31234,,CareSuper  Conservative Balanced,Multi-Asset,41-60% Growth Assets,MA:60GA:SPR,SUP
,MF-1-31231,,CareSuper  Growth,Multi-Asset,81-100% Growth Assets,MA:100GA:SPR,SUP
,MF-1-31232,,CareSuper  Sustainable Balanced,Multi-Asset,61-80% Growth Assets,MA:80GA:SPR,SUP
FSP0001AU,MF-1-14881,,CBG Australian Equities Fund,Australian Equities,Australian Large Cap,AEQ:ALP:CSN,MF
,MF-1-30896,,Cbus Industry  Cash Savings,Fixed Interest,Enhanced Cash and Deposits,FI:ECD:SPR,SUP
,MF-1-30897,,Cbus Industry  Conservative,Multi-Asset,21-40% Growth Assets,MA:40GA:SPR,SUP
,MF-1-30898,,Cbus Industry  Growth,Multi-Asset,61-80% Growth Assets,MA:80GA:SPR,SUP
,MF-1-30899,,Cbus Industry  High Growth,Multi-Asset,81-100% Growth Assets,MA:100GA:SPR,SUP
,MF-1-30946,,Cbus Super Income Stream  Conservative Growth,Multi-Asset,41-60% Growth Assets,MA:60GA:SPR,SUP
FAM0101AU,MF-1-5737,,Celeste Australian Small Companies Fund,Australian Equities,Australian Smaller Companies,AEQ:ASC:SC,MF
OVS0010AU,MF-1-25159,,Centuria Life Limited - Australian Shares Bond,Australian Equities,Australian Large Cap,AEQ:ALP:MM,IB
OVS0011AU,MF-1-25157,,Centuria Life Limited  Balanced Bond,Multi-Asset,61-80% Growth Assets,MA:80GA:MM,IB
OVS0012AU,MF-1-25158,,Centuria Life Limited  High Growth Bond,Multi-Asset,81-100% Growth Assets,MA:100GA:MM,IB
HOW0019AU,MF-1-13780,,Alphinity Wholesale Australian Equity Fund,Australian Equities,Australian Large Cap,AEQ:ALP:GR,MF
PAM0001AU,MF-1-6352,,Alphinity Wholesale Australian Share Fund,Australian Equities,Australian Large Cap,AEQ:ALP:GR,MF
HOW0026AU,MF-1-14368,,Alphinity Wholesale Concentrated Australian Share Fund,Australian Equities,Australian Large Cap,AEQ:ALP:GR,MF
HOW0121AU,MF-1-11192,,Alphinity Wholesale Socially Responsible Share Fund,Australian Equities,Australian Large Cap,AEQ:ALP:RI,MF
CSA0038AU,MF-1-13806,,Bentham Wholesale Global Income Fund,Fixed Interest,Alternative Income High,FI:AIH,MF
CSA0102AU,MF-1-7594,,Bentham Wholesale High Yield Fund,Fixed Interest,Alternative Income High,FI:AIH,MF
CSA0046AU,MF-1-15132,,Bentham Wholesale Syndicated Loan Fund,Fixed Interest,Alternative Income High,FI:AIH,MF
HOW0314AU,FD-32539,,Challenger Absolute Return Global Bond Strategies Fund,Fixed Interest,Unconstrained Bond,FI:UB,MF
HOW0034AU,MF-1-18893,,Greencape Wholesale Broadcap Fund,Australian Equities,Australian Large Cap,AEQ:ALP:GR,MF
HOW0035AU,MF-1-21602,,Greencape Wholesale High Conviction Fund,Australian Equities,Australian Large Cap,AEQ:ALP:GR,MF
HOW0052AU,MF-1-21365,KAP01,Kapstream Wholesale Absolute Return Income Fund,Fixed Interest,Unconstrained Bond,FI:UB,MFUND
HOW0036AU,MF-1-18541,,Kinetic Wholesale Emerging Companies Fund,Australian Equities,Australian Smaller Companies,AEQ:ASC:SC,MF
HBC0011AU,MF-1-4192,,Merlon Wholesale Australian Share Income Fund,Australian Equities,Australian Large Cap,AEQ:ALP:IS,MF
HOW0027AU,MF-1-18642,,NovaPort Microcap Fund,Australian Equities,Australian Smaller Companies,AEQ:ASC:MICC,MF
HOW0016AU,MF-1-12436,,NovaPort Wholesale Smaller Companies Fund,Australian Equities,Australian Smaller Companies,AEQ:ASC:SC,MF
HOW0053AU,MF-1-21451,,WaveStone Dynamic Equity Fund,Australian Equities,Australian Long Short,AEQ:ALS:VB,MF
HOW0020AU,MF-1-13781,,WaveStone Wholesale Australian Share Fund,Australian Equities,Australian Large Cap,AEQ:ALP:CSN,MF
CHN0005AU,FD-32176,,CC JCB Active Bond Fund,Fixed Interest,Australian Fixed Interest,FI:AFI,MF
FSF0973AU,MF-1-21298,,Acadian Defensive Income  Class A,Fixed Interest,Alternative Income,FI:AI,MF
FSF1240AU,MF-1-28591,,Acadian Global Managed Volatility Equity Fund  Class A,Global Equities,Global Large Cap,GEQ:GLC:SPEC,MF
FSF0789AU,MF-1-15014,,Acadian Wholesale Australian Equity Long/Short,Australian Equities,Australian Long Short,AEQ:ALS:AE,MF
FSF0710AU,MF-1-14774,,Acadian Wholesale Global Equity Fund,Global Equities,Global Large Cap,GEQ:GLC:QU,MF
FSF1086AU,MF-1-23094,,Aspect Diversified Futures Fund  Class A,Alternatives,Growth Alternatives (High),ALT:GAH:MF,MF
FSF1416AU,MF-1-31001,,CFS FirstChoice Multi-Index Balanced Fund  Class A,Multi-Asset,61-80% Growth Assets,MA:80GA:LCD,MF
FSF1414AU,MF-1-31000,,CFS FirstChoice Multi-Index Conservative Fund  Class A,Multi-Asset,21-40% Growth Assets,MA:40GA:LCD,MF
FSF1415AU,MF-1-31354,,CFS FirstChoice Multi-Index Diversified Fund  Class A,Multi-Asset,41-60% Growth Assets,MA:60GA:LCD,MF
FSF1616AU,MF-1-31289,,CFS FirstChoice Multi-Index High Growth Fund  Class A,Multi-Asset,81-100% Growth Assets,MA:100GA:LCD,MF
FSF1760AU,FD-32173,,CFS FirstChoice Multi-Index Moderate Fund  Class A,Multi-Asset,41-60% Growth Assets,MA:60GA:LCD,MF
FSF0889AU,MF-1-19602,,CFS FirstChoice Wholesale Asian Share,Global Equities,Global Emerging Markets,GEQ:GEM:MM,MF
FSF0502AU,MF-1-14540,,CFS FirstChoice Wholesale Australian Small Companies,Australian Equities,Australian Smaller Companies,AEQ:ASC:SC,MF
FSF1020AU,MF-1-21523,,CFS FirstChoice Wholesale Balanced Fund,Multi-Asset,61-80% Growth Assets,MA:80GA:MM,MF
FSF0486AU,MF-1-14344,,CFS FirstChoice Wholesale Conservative Fund,Multi-Asset,21-40% Growth Assets,MA:40GA:MM,MF
FSF0487AU,MF-1-14343,,CFS FirstChoice Wholesale Defensive Fund,Multi-Asset,0-20% Growth Assets,MA:20GA:MM,MF
FSF1694AU,MF-1-31905,,CFS FirstChoice Wholesale Diversified Fund,Multi-Asset,41-60% Growth Assets,MA:60GA:MM,MF
FSF0968AU,MF-1-23911,,CFS FirstChoice Wholesale Emerging Markets,Global Equities,Global Emerging Markets,GEQ:GEM:MM,MF
FSF0969AU,MF-1-20471,,CFS FirstChoice Wholesale Geared Growth Plus Fund,Multi-Asset,>100% Growth Assets,MA:GGA:MMG,MF
FSF0713AU,MF-1-19509,,CFS FirstChoice Wholesale Global Property Securities Fund,Property and Infrastructure,Global Listed Property,PI:GLP:MM,MF
FSF0706AU,MF-1-20885,,CFS FirstChoice Wholesale Global Share  Hedged,Global Equities,Global Large Cap,GEQ:GLC:MMCH,MF
FSF0489AU,MF-1-14349,,CFS FirstChoice Wholesale Global Share Fund,Global Equities,Global Large Cap,GEQ:GLC:MM,MF
FSF0490AU,MF-1-14346,,CFS FirstChoice Wholesale Growth Fund,Multi-Asset,61-80% Growth Assets,MA:80GA:MM,MF
FSF0499AU,MF-1-14347,,CFS FirstChoice Wholesale High Growth Fund,Multi-Asset,81-100% Growth Assets,MA:100GA:MM,MF
FSF0500AU,MF-1-14345,,CFS FirstChoice Wholesale Moderate Fund,Multi-Asset,41-60% Growth Assets,MA:60GA:MM,MF
FSF1241AU,MF-1-28638,,CFS Global Listed Infrastructure Securities  Class A,Property and Infrastructure,Global Listed Infrastructure,PI:GLI:CH,MF
FSF0038AU,MF-1-4156,,CFS Wholesale Global Resources Fund,Global Equities,Global Large Cap,GEQ:GLC:SENR,MF
FSF1675AU,MF-1-31404,,CFS Wholesale Worldwide Sustainability Fund  Class A,Global Equities,Global Large Cap,GEQ:GLC:FT,MF
FSF1773AU,FD-31994,,Colonial First State Asian Growth Fund,Global Equities,Global Emerging Markets,GEQ:GEM:REGAS,MF
FSF6788AU,FD-32557,,Colonial First State FirstChoice Multi-Index Growth Fund  Class A,Multi-Asset,61-80% Growth Assets,MA:80GA:LCD,MF
FSF0485AU,MF-1-14348,,Colonial First State FirstChoice Wholesale Australian Share Fund,Australian Equities,Australian Large Cap,AEQ:ALP:MM,MF
FSF0795AU,MF-1-22721,,Colonial First State FirstChoice Wholesale Global Infrastructure Securities Fund,Property and Infrastructure,Global Listed Infrastructure,PI:GLI:MM,MF
FSF0084AU,MF-1-13913,,Colonial First State Global Credit Income Fund,Fixed Interest,Alternative Income,FI:AI,MF
FSF1422AU,MF-1-30913,,Colonial First State Multi-Asset Real Return Fund  Class A,Multi-Asset,Variable Growth Assets,MA:VGA:RR,MF
FSF0027AU,MF-1-4371,,Colonial First State Wholesale Australian Bond Fund,Fixed Interest,Australian Fixed Interest,FI:AFI,MF
FSF0002AU,MF-1-4140,,Colonial First State Wholesale Australian Share Fund,Australian Equities,Australian Large Cap,AEQ:ALP:GR,MF
FSF0040AU,MF-1-7293,,Colonial First State Wholesale Balanced Fund,Multi-Asset,41-60% Growth Assets,MA:60GA:DIV,MF
FSF0075AU,MF-1-7291,,Colonial First State Wholesale Cash Fund,Fixed Interest,Enhanced Cash and Deposits,FI:ECD,MF
FSF0033AU,MF-1-4148,,Colonial First State Wholesale Conservative Fund,Multi-Asset,21-40% Growth Assets,MA:40GA:DIV,MF
FSF0039AU,MF-1-7296,,Colonial First State Wholesale Diversified Fixed Interest Fund,Fixed Interest,Diversified Fixed Interest,FI:DFI,MF
FSF0008AU,MF-1-4150,,Colonial First State Wholesale Diversified Fund,Multi-Asset,61-80% Growth Assets,MA:80GA:DIV,MF
FSF0961AU,MF-1-21333,,Colonial First State Wholesale Equity Income Fund,Australian Equities,Australian Large Cap,AEQ:ALP:IS,MF
FSF0043AU,MF-1-4369,,Colonial First State Wholesale Geared Share Fund,Australian Equities,Australian Large Cap,AEQ:ALP:GE,MF
FSF0454AU,MF-1-14387,,Colonial First State Wholesale Global Property Securities Fund,Property and Infrastructure,Global Listed Property,PI:GLP:CH,MF
FSF0498AU,MF-1-4159,,Colonial First State Wholesale High Growth Fund,Multi-Asset,81-100% Growth Assets,MA:100GA:DIV,MF
FSF0003AU,MF-1-4146,,Colonial First State Wholesale Imputation Fund,Australian Equities,Australian Large Cap,AEQ:ALP:GR,MF
FSF0004AU,MF-1-4163,,Colonial First State Wholesale Property Securities Fund,Property and Infrastructure,Australian Listed Property,PI:ALP,MF
CMI0111AU,MF-1-5081,,Colonial First State Wholesale Small Companies  Core,Australian Equities,Australian Smaller Companies,AEQ:ASC:SC,MF
FSF0047AU,MF-1-7294,,Colonial First State Wholesale Worldwide Leaders Fund,Global Equities,Global Large Cap,GEQ:GLC:FT,MF
FSF0978AU,MF-1-23116,,Realindex Aust Small Companies  Class A,Australian Equities,Australian Smaller Companies,AEQ:ASC:SC,MF
FSF1810AU,FD-32232,,Realindex Australian Dividend Plus Fund  Class A,Australian Equities,Australian Large Cap,AEQ:ALP:IDF,MF
FSF0976AU,MF-1-22975,,Realindex Australian Share - Class A,Australian Equities,Australian Large Cap,AEQ:ALP:V,MF
FSF0974AU,MF-1-22974,,Realindex Global Share Fund  Class A,Global Equities,Global Large Cap,GEQ:GLC:QU,MF
FSF0975AU,MF-1-22973,,Realindex Global Share Hedged Fund  Class A,Global Equities,Global Large Cap,GEQ:GLC:QUCH,MF
FSF0488AU,MF-1-14975,,FirstChoice Wholesale Fixed Interest Fund,Fixed Interest,Diversified Fixed Interest,FI:DFI:MM,MF
FSF1613AU,MF-1-31243,,FirstChoice WS Inv - FirstChoice Alternatives,Alternatives,Growth Alternatives (Moderate),ALT:GAM:FO,MF
FSF0501AU,MF-1-14519,,Colonial First State FirstChoice Wholesale Property Securities Fund,Property and Infrastructure,Australian Listed Property,PI:ALP:MM,MF
FSF0908AU,MF-1-19268,,Generation Wholesale Global Share Fund,Global Equities,Global Large Cap,GEQ:GLC:FT,MF
FSF1763AU,MF-1-31798,,Sanlam Managed Risk Multi-Index High Growth Fund  Class A,Multi-Asset,81-100% Growth Assets,MA:100GA:MM,MF
CML0850AU,MF-1-30236,,CommInsure Investment Growth Bond NC - Cash,Fixed Interest,Enhanced Cash and Deposits,FI:ECD,MF
CML0851AU,MF-1-30237,,CommInsure Investment Growth Bond NC - Global Fixed Interest,Fixed Interest,Global Fixed Interest,FI:GFI,IB
CAM0001AU,MF-1-21171,,Concise Mid Cap Fund,Australian Equities,Australian Smaller Companies,AEQ:ASC:MIDC,MF
CML0852AU,MF-1-30238,,CommInsure Investment Growth Bond NC - Global Property,Property and Infrastructure,Global Listed Property,PI:GLP:MM,IB
,EF-2-16325,CIE,Contango Income Generator Limited,Australian Equities,Australian Large Cap,AEQ:ALP:LIC,LIC-LIT
CML0853AU,MF-1-30239,,CommInsure Investment Growth Bond NC - Australian Shares,Australian Equities,Australian Large Cap,AEQ:ALP:MM,IB
CIP0001AU,FD-32543,,Cooper Investors Global Equities Fund (Hedged),Global Equities,Global Large Cap,GEQ:GLC:FCH,MF
CIP0003AU,FD-32544,,Cooper Investors Global Equities Fund (Unhedged),Global Equities,Global Large Cap,GEQ:GLC:FG,MF
CML0854AU,MF-1-30240,,CommInsure Investment Growth Bond NC - International Shares,Global Equities,Global Large Cap,GEQ:GLC:MM,IB
CML0855AU,MF-1-30241,,CommInsure Investment Growth Bond NC - Conservative,Multi-Asset,21-40% Growth Assets,MA:40GA:MM,IB
CRM0026AU,MF-1-31601,,Cromwell Phoenix Core Listed Property Fund,Property and Infrastructure,Australian Listed Property,PI:ALP,MF
CRM0008AU,MF-1-19756,,Cromwell Phoenix Property Securities Fund,Property and Infrastructure,Australian Listed Property,PI:ALP,MF
CML0856AU,MF-1-30242,,CommInsure Investment Growth Bond NC - Diversified,Multi-Asset,41-60% Growth Assets,MA:60GA:MM,IB
CML0857AU,MF-1-30243,,CommInsure Investment Growth Bond NC - Balanced,Multi-Asset,61-80% Growth Assets,MA:80GA:MM,IB
PIM0028AU,MF-1-31698,,DNR Capital Australian Equities High Conviction Fund,Australian Equities,Australian Large Cap,AEQ:ALP:GR,MF
,MF-1-28628,,DNR Capital Australian Equities High Conviction Portfolio,Australian Equities,Australian Large Cap,AEQ:ALP:LCS,SMA
,MF-1-31635,,DNR Capital Australian Equities Income Portfolio,Australian Equities,Australian Large Cap,AEQ:ALP:ISM,SMA
CML0858AU,MF-1-30244,,CommInsure Investment Growth Bond NC - Growth,Multi-Asset,81-100% Growth Assets,MA:100GA:MM,IB
DDH0009AU,MF-1-23819,,DDH Cash Fund  IDPS,Fixed Interest,Enhanced Cash and Deposits,FI:ECD,MF
DFA0003AU,MF-1-23821,,Dimensional Australian Core Equity Trust,Australian Equities,Australian Large Cap,AEQ:ALP:V,MF
DFA0036AU,MF-1-31607,,Dimensional Australian Core Imputation Trust,Australian Equities,Australian Large Cap,AEQ:ALP:IDF,MF
DFA0103AU,MF-1-5757,,Dimensional Australian Large Company Trust,Australian Equities,Australian Large Cap,AEQ:ALP:CSN,MF
DFA0104AU,MF-1-5297,,Dimensional Australian Small Company Trust,Australian Equities,Australian Smaller Companies,AEQ:ASC:MIDC,MF
DFA0101AU,MF-1-6216,,Dimensional Australian Value Trust,Australian Equities,Australian Large Cap,AEQ:ALP:V,MF
DFA0107AU,MF-1-5760,,Dimensional Emerging Markets Trust,Global Equities,Global Emerging Markets,GEQ:GEM,MF
DFA0108AU,MF-1-11834,,Dimensional Five-Year Diversified Fixed Interest Trust,Fixed Interest,Diversified Fixed Interest,FI:DFI,MF
DFA0028AU,MF-1-27271,,Dimensional Global Bond Trust,Fixed Interest,Global Fixed Interest,FI:GFI,MF
DFA0004AU,MF-1-23822,,Dimensional Global Core Equity Trust,Global Equities,Global Large Cap,GEQ:GLC:QU,MF
DFA0105AU,MF-1-5758,,Dimensional Global Large Company Trust,Global Equities,Global Large Cap,GEQ:GLC:QU,MF
DFA0005AU,MF-1-23823,,Dimensional Global Real Estate Trust Inc AUD,Property and Infrastructure,Global Listed Property,PI:GLP,MF
DFA0106AU,MF-1-5759,,Dimensional Global Small Company Trust,Global Equities,Global Smaller Companies,GEQ:GSC:QU,MF
DFA0042AU,FD-31982,,Dimensional Global Sustainability Trust Hedged AUD,Global Equities,Global Large Cap,GEQ:GLC:RI,MF
DFA0041AU,FD-31983,,Dimensional Global Sustainability Trust Unhedged AUD,Global Equities,Global Large Cap,GEQ:GLC:RI,MF
DFA0102AU,MF-1-6217,,Dimensional Global Value Trust,Global Equities,Global Large Cap,GEQ:GLC:QU,MF
DFA0100AU,MF-1-6215,,Dimensional Short Term Fixed Interest Trust,Fixed Interest,Enhanced Cash and Deposits,FI:ECD,MF
DFA0002AU,MF-1-23820,,Dimensional Two-Year Diversified Fixed Interest,Fixed Interest,Diversified Fixed Interest,FI:DFI,MF
DFA0033AU,MF-1-30159,,Dimensional World Allocation 50/50 Trust,Multi-Asset,41-60% Growth Assets,MA:60GA:LCD,MF
DFA0029AU,MF-1-27272,,Dimensional World Allocation 70/30 Trust,Multi-Asset,61-80% Growth Assets,MA:80GA:LCD,MF
DFA0035AU,MF-1-30160,,Dimensional World Equity Trust,Multi-Asset,81-100% Growth Assets,MA:100GA:LCD,MF
PIM5346AU,FD-32234,,Eley Griffiths Group Emerging Companies Fund,Australian Equities,Australian Smaller Companies,AEQ:ASC:MICC,MF
EGG0001AU,MF-1-11353,,Eley Griffiths Group Small Companies Fund,Australian Equities,Australian Smaller Companies,AEQ:ASC:SC,MF
ECL0013AU,MF-1-31149,,Ellerston Australian Market Neutral Fund,Alternatives,Growth Alternatives (Moderate),ALT:GAM:MN,MF
,FD-32545,,Elston Australian Equities  SMA Portfolio,Australian Equities,Australian Large Cap,AEQ:ALP:LCS,SMA
ETL0171AU,FD-31959,,AXA IM ACWI SmartBeta Equity Fund,Global Equities,Global Large Cap,GEQ:GLC:QU,MF
ETL0434AU,FD-32164,,Barrow Hanley Global Equity Trust,Global Equities,Global Large Cap,GEQ:GLC:FV,MF
ETL0306AU,MF-1-31066,,BNY Mellon Standish Global Bond Fund,Fixed Interest,Global Fixed Interest,FI:GFI,MF
ARO0006AU,MF-1-7416,,C WorldWide Global Equity Trust,Global Equities,Global Large Cap,GEQ:GLC:FT,MF
ETL0409AU,MF-1-31608,,Colchester Global Government Bond Fund Class A,Fixed Interest,Global Fixed Interest,FI:GFI,MF
MAQ0635AU,MF-1-22743,,Premium Asia Fund,Global Equities,Global Emerging Markets,GEQ:GEM:REGAS,MF
MAQ0782AU,MF-1-27161,,Premium Asia Income Fund,Fixed Interest,Emerging Market Debt,FI:EMD,MF
MAQ0441AU,MF-1-14704,,Premium China Fund,Global Equities,Global Emerging Markets,GEQ:GEM:REGCH,MF
CRS0007AU,MF-1-7630,,SG Hiscock Wholesale Property Fund,Property and Infrastructure,Australian Listed Property,PI:ALP,MF
HBC0008AU,MF-1-4189,,SG Hiscock Wholesale Property Securities Fund,Property and Infrastructure,Australian Listed Property,PI:ALP,MF
ETL0118AU,MF-1-11037,SHF04,SGH Emerging Companies Fund,Australian Equities,Australian Smaller Companies,AEQ:ASC:MICC,MFUND
ETL0062AU,MF-1-22917,SHF02,SGH ICE,Australian Equities,Australian Smaller Companies,AEQ:ASC:SC,MFUND
ETL0005AU,MF-1-14869,SHF05,SGH LaSalle Global Listed Property Securities Fund,Property and Infrastructure,Global Listed Property,PI:GLP:CH,MFUND
ETL0394AU,MF-1-31292,SHF06,SGH LaSalle Global Property-Rich Fund,Property and Infrastructure,Global Listed Property,PI:GLP:CH,MFUND
ETL0119AU,MF-1-21192,SHF03,SGH Property Income Fund,Property and Infrastructure,Australian Listed Property,PI:ALP,MFUND
,FD-32527,TECH,ETFS Morningstar Global Technology ETF,Global Equities,Global Large Cap,GEQ:GLC:SET,ETF
FPS0013AU,MF-1-19018,,Fiducian India Fund,Global Equities,Global Emerging Markets,GEQ:GEM:REGIN,MF
FID0010AU,MF-1-21348,,Fidelity Asia Fund,Global Equities,Global Emerging Markets,GEQ:GEM:REGAS,MF
FID0008AU,MF-1-14673,,Fidelity Australian Equities Fund,Australian Equities,Australian Large Cap,AEQ:ALP:GR,MF
FID0021AU,MF-1-28885,,Fidelity Australian Opportunities Fund,Australian Equities,Australian Large Cap,AEQ:ALP:GR,MF
FID0011AU,MF-1-14748,,Fidelity China Fund,Global Equities,Global Emerging Markets,GEQ:GEM:REGCH,MF
FID0026AU,MF-1-30567,,Fidelity Future Leaders Fund,Australian Equities,Australian Smaller Companies,AEQ:ASC:MIDC,MF
FID0023AU,MF-1-28359,,Fidelity Global Demographics Fund,Global Equities,Global Large Cap,GEQ:GLC:FT,MF
FID0031AU,MF-1-31928,,Fidelity Global Emerging Markets Fund,Global Equities,Global Emerging Markets,GEQ:GEM,MF
FID0007AU,MF-1-9003,,Fidelity Global Equities Fund,Global Equities,Global Large Cap,GEQ:GLC:FC,MF
FID0014AU,MF-1-18556,,Fidelity Global Equities Fund (Hedged),Global Equities,Global Large Cap,GEQ:GLC:FCH,MF
FID0015AU,MF-1-14749,,Fidelity India Fund,Global Equities,Global Emerging Markets,GEQ:GEM:REGIN,MF
COL0001AU,MF-1-19791,,Folkestone Maxim Property Securities Fund,Property and Infrastructure,Australian Listed Property,PI:ALP,MF
,FD-32300,FOR,Forager Australian Shares Fund,Australian Equities,Australian Smaller Companies,AEQ:ASC:LIC,LIC-LIT
FHT0032AU,MF-1-30249,,Forager International Shares Fund,Global Equities,Global Large Cap,GEQ:GLC:SPEC,MF
FRT0027AU,MF-1-31503,,Franklin Australian Absolute Return Bond Fund  W Class,Fixed Interest,Unconstrained Bond,FI:UB,MF
FRT0009AU,MF-1-21353,,Franklin Global Growth Fund,Global Equities,Global Large Cap,GEQ:GLC:FG,MF
FRT0020AU,MF-1-27295,,Franklin Templeton Australian Equity Fund  W Class,Australian Equities,Australian Large Cap,AEQ:ALP:V,MF
FRT0025AU,MF-1-28592,,Franklin Templeton Global Aggregate Bond Fund,Fixed Interest,Global Fixed Interest,FI:GFI,MF
FRT0011AU,MF-1-23851,,Franklin Templeton Multisector Bond  W Class,Fixed Interest,Unconstrained Bond,FI:UB,MF
FRT0008AU,MF-1-28555,,Templeton Global Bond Plus Fund  W Class,Fixed Interest,Global Fixed Interest,FI:GFI,MF
FRT0004AU,MF-1-14299,,Templeton Global Equity Fund,Global Equities,Global Large Cap,GEQ:GLC:FV,MF
LAM0042AU,MF-1-30738,,Freehold A-REITs & Listed Infrastructure Fund,Property and Infrastructure,Australian Listed Property,PI:ALP:ARI,MF
JBW0009AU,MF-1-7860,,Yarra Australian Equities Fund,Australian Equities,Australian Large Cap,AEQ:ALP:CSN,MF
JBW0030AU,MF-1-18870,,Yarra Australian Real Assets Securities Fund,Property and Infrastructure,Australian Listed Property,PI:ALP:ARI,MF
JBW0010AU,MF-1-4221,,Yarra Emerging Leaders Fund,Australian Equities,Australian Smaller Companies,AEQ:ASC:MIDC,MF
JBW0018AU,MF-1-13093,,Yarra Enhanced Income Fund,Fixed Interest,Alternative Income High,FI:AIH,MF
JBW0016AU,MF-1-7861,,Yarra Income Plus Fund ,Multi-Asset,Variable Growth Assets,MA:VGA:MAI,MF
JBW0052AU,MF-1-25134,,Yarra Premier Australian Equities Fund,Australian Equities,Australian Large Cap,AEQ:ALP:CSN,MF
GSF0001AU,MF-1-21067,,Grant Samuel Epoch Global Equity Shareholder Yield (Hedged) Fund,Global Equities,Global Large Cap,GEQ:GLC:IDFCH,MF
GSF0002AU,MF-1-21066,,Grant Samuel Epoch Global Equity Shareholder Yield (Unhedged) Fund,Global Equities,Global Large Cap,GEQ:GLC:IDF,MF
ETL0069AU,MF-1-25187,,Grant Samuel Tribeca Alpha Plus Fund,Australian Equities,Australian Long Short,AEQ:ALS:AE,MF
ETL0052AU,MF-1-23233,,Grant Samuel Tribeca Australian Smaller Companies Fund,Australian Equities,Australian Smaller Companies,AEQ:ASC:SC,MF
GSF0008AU,MF-1-28627,,Payden Global Income Opportunities Fund A,Fixed Interest,Unconstrained Bond,FI:UB,MF
IOF0048AU,MF-1-6656,,Janus Henderson Australian Equity Fund,Australian Equities,Australian Large Cap,AEQ:ALP:GR,MF
IOF0046AU,MF-1-6654,,Janus Henderson Australian Fixed Interest Fund,Fixed Interest,Australian Fixed Interest,FI:AFI,MF
IOF0047AU,MF-1-6653,,Janus Henderson Cash Enhanced Fund,Fixed Interest,Enhanced Cash and Deposits,FI:ECD,MF
HGI0004AU,MF-1-31625,,Janus Henderson Global Fixed Interest Total Return Fund,Fixed Interest,Unconstrained Bond,FI:UB,MF
ETL0331AU,MF-1-28219,NWG01,Janus Henderson Global Natural Resources Fund,Global Equities,Global Large Cap,GEQ:GLC:SENR,MFUND
IOF0127AU,MF-1-28626,,Janus Henderson Income Focused Fund,Fixed Interest,Alternative Income High,FI:AIH,MF
IOF0145AU,MF-1-21393,,Janus Henderson Tactical Income Fund,Fixed Interest,Unconstrained Bond,FI:UB,MF
,FD-32120,,Hostplus Balanced Option,Multi-Asset,61-80% Growth Assets,MA:80GA:SPR,SUP
,FD-32121,,Hostplus Indexed Balanced Option,Multi-Asset,61-80% Growth Assets,MA:80GA:SPR,SUP
ETL0482AU,FD-32275,,India Avenue Equity Fund  Wholesale Class,Global Equities,Global Emerging Markets,GEQ:GEM:REGIN,MF
,MF-1-31158,,ING DIRECT Living Super Balanced Option,Multi-Asset,41-60% Growth Assets,MA:60GA:SPR,SUP
,MF-1-31159,,ING DIRECT Living Super Growth Option,Multi-Asset,61-80% Growth Assets,MA:80GA:SPR,SUP
,MF-1-31160,,ING DIRECT Living Super High Growth Option,Multi-Asset,81-100% Growth Assets,MA:100GA:SPR,SUP
GTU0008AU,MF-1-4214,,Invesco Wholesale Global Opportunities Fund  Hedged  Class A,Global Equities,Global Large Cap,GEQ:GLC:FCH,MF
GTU0102AU,MF-1-4216,,Invesco Wholesale Global Opportunities Fund  Unhedged,Global Equities,Global Large Cap,GEQ:GLC:FV,MF
GTU0109AU,MF-1-31589,,INVESCO Wholesale Global Targeted Returns Fund  Class A,Alternatives,Growth Alternatives (Moderate),ALT:GAM:M,MF
CNA0805AU,MF-1-9280,,Invesco Wholesale Senior Secured Income Fund,Fixed Interest,Alternative Income High,FI:AIH,MF
IML0004AU,MF-1-11014,,Investors Mutual All Industrials Share Fund,Australian Equities,Australian Large Cap,AEQ:ALP:V,MF
IML0002AU,MF-1-8002,,Investors Mutual Australian Share Fund,Australian Equities,Australian Large Cap,AEQ:ALP:V,MF
IML0001AU,MF-1-8757,,Investors Mutual Australian Smaller Companies Fund,Australian Equities,Australian Smaller Companies,AEQ:ASC:SC,MF
IML0010AU,MF-1-26368,,Investors Mutual Concentrated Australian Share Fund,Australian Equities,Australian Large Cap,AEQ:ALP:V,MF
IML0005AU,MF-1-23926,,Investors Mutual Equity Income Fund,Australian Equities,Australian Large Cap,AEQ:ALP:IS,MF
IML0003AU,MF-1-11407,,Investors Mutual Wholesale Future Leaders Fund,Australian Equities,Australian Smaller Companies,AEQ:ASC:MIDC,MF
IOF0232AU,MF-1-31310,,IOOF Balanced Investor Trust,Multi-Asset,61-80% Growth Assets,MA:80GA:LCD,MF
PIM0002AU,MF-1-13788,,IOOF Cash Management Trust,Fixed Interest,Enhanced Cash and Deposits,FI:ECD,MF
IOF0092AU,MF-1-20945,,IOOF MultiMix Australian Shares Trust,Australian Equities,Australian Large Cap,AEQ:ALP:MM,MF
IOF0093AU,MF-1-20946,,IOOF MultiMix Balanced Growth,Multi-Asset,61-80% Growth Assets,MA:80GA:MM,MF
IOF0094AU,MF-1-20947,,IOOF MultiMix Capital Stable,Multi-Asset,0-20% Growth Assets,MA:20GA:MM,MF
IOF0091AU,MF-1-20776,,IOOF MultiMix Cash Enhanced Trust,Fixed Interest,Enhanced Cash and Deposits,FI:ECD,MF
IOF0095AU,MF-1-19618,,IOOF MultiMix Conservative,Multi-Asset,21-40% Growth Assets,MA:40GA:MM,MF
IOF0096AU,MF-1-20439,,IOOF MultiMix Diversified Fixed Interest Trust,Fixed Interest,Diversified Fixed Interest,FI:DFI:MM,MF
IOF0097AU,MF-1-20948,,IOOF MultiMix Growth,Multi-Asset,81-100% Growth Assets,MA:100GA:MM,MF
IOF0098AU,MF-1-20949,,IOOF MultiMix International Shares Trust,Global Equities,Global Large Cap,GEQ:GLC:MM,MF
UFM0051AU,MF-1-13790,,IOOF MultiMix Moderate,Multi-Asset,41-60% Growth Assets,MA:60GA:MM,MF
IOF0253AU,FD-32178,,IOOF MultiSeries 30,Multi-Asset,21-40% Growth Assets,MA:40GA:LCD,MF
IOF0254AU,FD-32179,,IOOF MultiSeries 50,Multi-Asset,41-60% Growth Assets,MA:60GA:LCD,MF
IOF0090AU,MF-1-20944,,IOOF MultiSeries 70,Multi-Asset,61-80% Growth Assets,MA:80GA:LCD,MF
IOF0255AU,FD-32180,,IOOF MultiSeries 90,Multi-Asset,81-100% Growth Assets,MA:100GA:LCD,MF
DFA0008AU,MF-1-23826,,Strategic Australian Equity Fund,Australian Equities,Australian Large Cap,AEQ:ALP:V,MF
DFA0015AU,MF-1-27772,,Strategic Fixed Interest Fund,Fixed Interest,Diversified Fixed Interest,FI:DFI,MF
DFA0006AU,MF-1-23824,,Strategic Global Property Fund,Property and Infrastructure,Global Listed Property,PI:GLP:CH,MF
DFA0007AU,MF-1-23825,,Strategic International Equity Fund,Global Equities,Global Large Cap,GEQ:GLC:QU,MF
MGL0019AU,MF-1-19528,,Ironbark Copper Rock Emerging Markets Opportunities Fund ,Global Equities,Global Emerging Markets,GEQ:GEM,MF
MGL0018AU,MF-1-19527,,Ironbark Copper Rock Global All Cap Share Fund,Global Equities,Global Large Cap,GEQ:GLC:FG,MF
HFL0014AU,MF-1-26171,,Ironbark Gavekal Asian Opportunities Fund,Global Equities,Global Emerging Markets,GEQ:GEM:SPEC,MF
MGL0010AU,MF-1-14279,,Ironbark Global (ex-Australia) Property Securities Fund,Property and Infrastructure,Global Listed Property,PI:GLP:CH,MF
DEU0109AU,MF-1-4176,,Ironbark Global Diversified Alternatives Fund,Alternatives,Growth Alternatives (Moderate),ALT:GAM:FO,MF
MGL0011AU,MF-1-19784,,Ironbark Global Property Securities Fund,Property and Infrastructure,Global Listed Property,PI:GLP:CH,MF
PAT0001AU,MF-1-15133,,Ironbark Karara Australian Share Fund,Australian Equities,Australian Large Cap,AEQ:ALP:CSN,MF
PAT0002AU,MF-1-25195,,Ironbark Karara Australian Small Companies Fund,Australian Equities,Australian Smaller Companies,AEQ:ASC:SC,MF
HFL0104AU,MF-1-4183,,Ironbark LHP Diversified Investments Fund,Alternatives,Growth Alternatives (Moderate),ALT:GAM:FO,MF
HFL0108AU,MF-1-4185,,Ironbark LHP Global Long/Short Fund (Wholesale Class),Alternatives,Growth Alternatives (Moderate),ALT:GAM:MN,MF
MGL0004AU,MF-1-15221,,Ironbark Royal London Concentrated Global Share Fund,Global Equities,Global Large Cap,GEQ:GLC:FC,MF
JPL0002AU,MF-1-31390,,JBWere Growth Model Portfolio ,Australian Equities,Australian Large Cap,AEQ:ALP:LCS,SMA
JPL0001AU,MF-1-31391,,JBWere Income Model Portfolio,Australian Equities,Australian Large Cap,AEQ:ALP:ISM,SMA
GAS0001AU,MF-1-31393,,JBWere Industrials Model Portfolio,Australian Equities,Australian Large Cap,AEQ:ALP:LCS,SMA
GAS0002AU,MF-1-31392,,JBWere Leaders Model Portfolio,Australian Equities,Australian Large Cap,AEQ:ALP:LCS,SMA
JPL0003AU,MF-1-30735,,JBWere Listed Fixed Income Portfolio,Fixed Interest,Alternative Income High,FI:AIH:SMA,SMA
,MF-1-31395,,JBWere Listed Multi Strategy Model Portfolio,Multi-Asset,61-80% Growth Assets,MA:80GA:DIV,SMA
PER0713AU,MF-1-30949,,JPMorgan Emerging Markets Opportunities Fund,Global Equities,Global Emerging Markets,GEQ:GEM,MF
PER0750AU,MF-1-31805,,JPMorgan Global Bond Fund,Fixed Interest,Global Fixed Interest,FI:GFI,MF
PER0716AU,MF-1-30948,,JPMorgan Global Bond Opportunities Fund,Fixed Interest,Unconstrained Bond,FI:UB,MF
PER0758AU,FD-32050,,JPMorgan Global Macro Opportunities Fund,Alternatives,Growth Alternatives (Moderate),ALT:GAM:M,MF
PER0719AU,MF-1-31801,,JPMorgan Global Research Enhanced Index Equity Fund,Global Equities,Global Large Cap,GEQ:GLC:FC,MF
PER0715AU,MF-1-31802,,JPMorgan Global Research Enhanced Index Equity Fund (Hedged),Global Equities,Global Large Cap,GEQ:GLC:FCH,MF
PER0727AU,MF-1-30947,,JPMorgan Global Strategic Bond Fund,Fixed Interest,Unconstrained Bond,FI:UB,MF
PER0755AU,MF-1-31918,,JPMorgan Systematic Alpha Fund,Alternatives,Growth Alternatives (Moderate),ALT:GAM:SRP,MF
KAM0100AU,MF-1-13873,,K2 Asian Absolute Return Fund,Global Equities,Global Long Short,GEQ:GLS:REGAS,MF
KAM0101AU,MF-1-13874,,K2 Australian Absolute Return Fund,Australian Equities,Australian Long Short,AEQ:ALS:VB,MF
ETL0046AU,MF-1-21500,,K2 Select International Absolute Return Fund,Global Equities,Global Long Short,GEQ:GLS:GL,MF
ETL0490AU,FD-32215,,L1 Capital Long Short Fund Retail Class,Australian Equities,Australian Long Short,AEQ:ALS:VB,MF
LTC0002AU,MF-1-24034,,La Trobe Australian Credit Fund 12 Month Term Account,Fixed Interest,Mortgage,FI:M,MF
LAZ0022AU,MF-1-30191,,Lazard Australian Diversified Income Fund,Australian Equities,Australian Large Cap,AEQ:ALP:AR,MF
LAZ0010AU,MF-1-13770,,Lazard Australian Equity Fund (W Class),Australian Equities,Australian Large Cap,AEQ:ALP:V,MF
LAZ0003AU,MF-1-9147,,Lazard Emerging Markets Equity Fund,Global Equities,Global Emerging Markets,GEQ:GEM,MF
LAZ0023AU,MF-1-30147,,Lazard Emerging Markets Total Return Debt Fund,Fixed Interest,Emerging Market Debt,FI:EMD,MF
LAZ0027AU,FD-32191,,Lazard Global Equity Advantage Plus Fund  W Class,Global Equities,Global Long Short,GEQ:GLS:QU,MF
LAZ0025AU,MF-1-31764,,Lazard Global Equity Franchise Fund,Global Equities,Global Large Cap,GEQ:GLC:FG,MF
LAZ0014AU,MF-1-22099,,Lazard Global Listed Infrastructure Fund,Property and Infrastructure,Global Listed Infrastructure,PI:GLI:CH,MF
LAZ0012AU,MF-1-13771,,Lazard Global Small Cap Fund (W Class),Global Equities,Global Smaller Companies,GEQ:GSC:SC,MF
LAZ0013AU,MF-1-13772,,Lazard Select Australian Equity Fund (W Class),Australian Equities,Australian Large Cap,AEQ:ALP:V,MF
SSB0014AU,MF-1-24861,LMA07,Legg Mason Brandywine Global Opportunistic Fixed Income Trust (Class A),Fixed Interest,Global Fixed Interest,FI:GFI,MFUND
SSB0125AU,MF-1-7488,,Legg Mason Martin Currie Core Equity Trust,Australian Equities,Australian Large Cap,AEQ:ALP:CSN,MF
JPM0008AU,MF-1-7654,LMA06,Legg Mason Martin Currie Diversified Growth Trust,Multi-Asset,61-80% Growth Assets,MA:80GA:DIV,MFUND
SSB0061AU,MF-1-31327,LMA05,Legg Mason Martin Currie Diversified Income Trust ,Multi-Asset,Variable Growth Assets,MA:VGA:MAI,MFUND
SSB0043AU,MF-1-27154,LMA01,Legg Mason Martin Currie Equity Income Trust (Class A),Australian Equities,Australian Large Cap,AEQ:ALP:IDF,MFUND
SSB4946AU,FD-32576,,Legg Mason Martin Currie Ethical Income Fund,Australian Equities,Australian Large Cap,AEQ:ALP:RI,MF
SSB0064AU,FD-32170,,Legg Mason Martin Currie Ethical Values with Income Fund,Australian Equities,Australian Large Cap,AEQ:ALP:RI,MF
SSB0128AU,MF-1-6601,,Legg Mason Martin Currie Property Securities Trust,Property and Infrastructure,Australian Listed Property,PI:ALP,MF
SSB0026AU,MF-1-26696,LMA02,Legg Mason Martin Currie Real Income Fund Class A Units,Property and Infrastructure,Australian Listed Property,PI:ALP:ARI,MFUND
SSB0009AU,MF-1-21553,,Legg Mason Martin Currie Select Opportunities Fund - Class A,Australian Equities,Australian Large Cap,AEQ:ALP:V,MF
SSB0122AU,MF-1-7657,LMA04,Legg Mason Western Asset Australian Bond Trust  Class A,Fixed Interest,Australian Fixed Interest,FI:AFI,MFUND
MAQ0796AU,MF-1-28353,,Analytic Global Managed Volatility Fund,Global Equities,Global Large Cap,GEQ:GLC:SPEC,MF
MAQ0464AU,MF-1-18956,,Arrowstreet Global Equity Fund,Global Equities,Global Large Cap,GEQ:GLC:QU,MF
MAQ0079AU,MF-1-7062,,Arrowstreet Global Equity Fund (Hedged),Global Equities,Global Large Cap,GEQ:GLC:QUCH,MF
MAQ0404AU,MF-1-21250,,IFP Global Franchise Fund,Global Equities,Global Large Cap,GEQ:GLC:FG,MF
MAQ0631AU,MF-1-26255,,IFP Global Franchise Fund (Hedged),Global Equities,Global Large Cap,GEQ:GLC:FCH,MF
MAQ8243AU,FD-32528,,IPM Global Macro Fund,Alternatives,Growth Alternatives (Moderate),ALT:GAM,MF
MAQ0640AU,MF-1-26147,,Macquarie Asia New Stars No.1 Fund,Global Equities,Global Emerging Markets,GEQ:GEM:REGAS,MF
MAQ0425AU,MF-1-24105,,Macquarie Australia Plus Fund,Australian Equities,Australian Long Short,AEQ:ALS:AE,MF
MAQ0061AU,MF-1-4384,,Macquarie Australian Fixed Interest Fund,Fixed Interest,Australian Fixed Interest,FI:AFI,MF
MAQ0454AU,MF-1-15196,,Macquarie Australian Small Companies Fund,Australian Equities,Australian Smaller Companies,AEQ:ASC:SC,MF
MAQ0274AU,MF-1-13005,,Macquarie Diversified Fixed Interest Fund,Fixed Interest,Diversified Fixed Interest,FI:DFI,MF
MAQ0820AU,MF-1-30516,,Macquarie Dividend Run-Up Fund,Australian Equities,Australian Large Cap,AEQ:ALP:IS,MF
MAQ0443AU,MF-1-19383,,Macquarie High Conviction Fund,Australian Equities,Australian Large Cap,AEQ:ALP:CSN,MF
MAQ0277AU,MF-1-13779,,Macquarie Income Opportunities Fund,Fixed Interest,Alternative Income,FI:AI,MF
MAQ0432AU,MF-1-18845,,Macquarie International Infrastructure Securities Fund (Hedged),Property and Infrastructure,Global Listed Infrastructure,PI:GLI:CH,MF
MAQ0825AU,MF-1-30943,,Macquarie International Infrastructure Securities Fund (Unhedged),Property and Infrastructure,Global Listed Infrastructure,PI:GLI,MF
MAQ8444AU,FD-32526,,Macquarie Pure Alpha Fund,Alternatives,Growth Alternatives (High),ALT:GAH:MKTN,MF
MAQ5143AU,FD-32529,,P/E Global FX Alpha Fund,Alternatives,Growth Alternatives (High),ALT:GAH:MN,MF
MAQ0838AU,MF-1-31513,,Polaris Global Equity Fund,Global Equities,Global Large Cap,GEQ:GLC:FV,MF
MAQ0574AU,MF-1-24116,,Premium Asia Property Fund,Property and Infrastructure,Global Listed Property,PI:GLP:REGAS,MF
MAQ0651AU,MF-1-26690,,Walter Scott Emerging Markets Fund,Global Equities,Global Emerging Markets,GEQ:GEM,MF
MAQ0410AU,MF-1-14765,,Walter Scott Global Equity Fund,Global Equities,Global Large Cap,GEQ:GLC:FG,MF
MAQ0557AU,MF-1-19396,,Walter Scott Global Equity Fund (Hedged),Global Equities,Global Large Cap,GEQ:GLC:FCH,MF
MAQ0482AU,MF-1-18872,,Winton Global Alpha Fund,Alternatives,Growth Alternatives (High),ALT:GAH:MF,MF
,MF-1-30760,,MPPM Core Australian Equity,Australian Equities,Australian Large Cap,AEQ:ALP:LCS,SMA
,MF-1-30761,,MPPM Growth Australian Equity,Australian Equities,Australian Large Cap,AEQ:ALP:LCS,SMA
,MF-1-31116,,MPPM Growth ex 20 Portfolio,Australian Equities,Australian Large Cap,AEQ:ALP:LCS,SMA
,MF-1-30762,,MPPM Income Australian Equity,Australian Equities,Australian Large Cap,AEQ:ALP:ISM,SMA
,EF-2-31600,MGE,Magellan Global Equities Fund,Global Equities,Global Large Cap,GEQ:GLC:FG,ETF
,FD-32193,MHG,Magellan Global Equities Fund (Currency Hedged) (Managed Fund),Global Equities,Global Large Cap,GEQ:GLC:FCH,ETF
MGE0001AU,MF-1-19370,,Magellan Global Fund,Global Equities,Global Large Cap,GEQ:GLC:FG,MF
MGE0007AU,MF-1-30778,,Magellan Global Fund (Hedged),Global Equities,Global Large Cap,GEQ:GLC:FCH,MF
,FD-32614,MGG,Magellan Global Trust,Global Equities,Global Large Cap,GEQ:GLC:LIC,LIC-LIT
MGE0005AU,MF-1-30732,,Magellan High Conviction Fund,Global Equities,Global Large Cap,GEQ:GLC:SPEC,MF
MGE0002AU,MF-1-18942,,Magellan Infrastructure Fund,Property and Infrastructure,Global Listed Infrastructure,PI:GLI:CH,MF
,FD-32192,MICH,Magellan Infrastructure Fund (Currency Hedged) (Managed Fund),Property and Infrastructure,Global Listed Infrastructure,PI:GLI:CH,ETF
MGE0006AU,MF-1-30895,,Magellan Infrastructure Fund (Unhedged),Property and Infrastructure,Global Listed Infrastructure,PI:GLI,MF
MAN0002AU,MF-1-21462,,Man AHL Alpha,Alternatives,Growth Alternatives (High),ALT:GAH:MF,MF
MAN0004AU,MF-1-30165,,Man Diversified Alternatives,Alternatives,Growth Alternatives (Moderate),ALT:GAM:FO,MF
ADV0046AU,MF-1-4079,,Maple-Brown Abbott Australian Share Fund  Wholesale,Australian Equities,Australian Large Cap,AEQ:ALP:V,MF
MPL0001AU,MF-1-8877,,Maple-Brown Abbott Diversified Investment Trust,Multi-Asset,61-80% Growth Assets,MA:80GA:DIV,MF
MPL0006AU,MF-1-31563,,Maple-Brown Abbott Global Listed Infrastructure Fund,Property and Infrastructure,Global Listed Infrastructure,PI:GLI,MF
MPL0008AU,FD-31954,,Maple-Brown Abbott Global Listed Infrastructure Fund - Hedged,Property and Infrastructure,Global Listed Infrastructure,PI:GLI:CH,MF
,EF-2-31761,MOAT,VanEck Vectors Morningstar Wide Moat ETF,Global Equities,Global Large Cap,GEQ:GLC:REGUS,ETF
ETL0201AU,MF-1-27396,,Martin Currie Global Emerging Markets Fund,Global Equities,Global Emerging Markets,GEQ:GEM,MF
MST0002AU,FD-32283,,Mason Stevens Credit Fund,Fixed Interest,Alternative Income High,FI:AIH,MF
MIN0087AU,MF-1-31800,,Mercer Australian Shares for Tax Exempt Investors,Australian Equities,Australian Large Cap,AEQ:ALP:MM,MF
MIN0007AU,MF-1-25194,,Mercer Australian Small Companies Fund,Australian Equities,Australian Smaller Companies,AEQ:ASC:SC,MF
MIN0009AU,MF-1-27866,,Mercer Conservative Growth Fund,Multi-Asset,21-40% Growth Assets,MA:40GA:MM,MF
MIN0010AU,MF-1-27867,,Mercer Defensive Fund,Multi-Asset,21-40% Growth Assets,MA:40GA:MM,MF
MIN0017AU,MF-1-27870,,Mercer Global Small Companies Shares Fund,Global Equities,Global Smaller Companies,GEQ:GSC:MM,MF
MIN0013AU,MF-1-20781,,Mercer Growth Fund,Multi-Asset,61-80% Growth Assets,MA:80GA:MM,MF
MIN0012AU,MF-1-20763,,Mercer High Growth Fund,Multi-Asset,81-100% Growth Assets,MA:100GA:MM,MF
MIN0027AU,MF-1-18741,,Mercer Income Plus Fund,Multi-Asset,Variable Growth Assets,MA:VGA:MAI,MF
MIN0033AU,MF-1-27879,,Mercer Listed Infrastructure Fund,Property and Infrastructure,Global Listed Infrastructure,PI:GLI:MM,MF
MIN0014AU,MF-1-20764,,Mercer Moderate Growth Fund,Multi-Asset,41-60% Growth Assets,MA:60GA:MM,MF
MIN0021AU,MF-1-14785,,Mercer Select Growth Fund,Multi-Asset,61-80% Growth Assets,MA:80GA:MM,MF
ETL0172AU,MF-1-28561,,MFS Concentrated Global Equity Trust (Wholesale),Global Equities,Global Large Cap,GEQ:GLC:FG,MF
ETL0041AU,MF-1-14827,,MFS Fully Hedged Global Equity Trust,Global Equities,Global Large Cap,GEQ:GLC:FCH,MF
MIA0001AU,MF-1-7731,,MFS Global Equity Trust,Global Equities,Global Large Cap,GEQ:GLC:FG,MF
FHT0036AU,FD-32185,,Montgomery Global Fund,Global Equities,Global Large Cap,GEQ:GLC:SPEC,MF
FHT0030AU,MF-1-30248,,The Montgomery Fund,Australian Equities,Australian Large Cap,AEQ:ALP:GR,MF
ASK1198AU,MF-1-23743,,Morningstar  High Growth Fund,Multi-Asset,81-100% Growth Assets,MA:100GA:MM,MF
INT0022AU,MF-1-13692,,Morningstar Australian Shares Fund,Australian Equities,Australian Large Cap,AEQ:ALP:V,MF
INT0026AU,MF-1-23929,,Morningstar Balanced Fund,Multi-Asset,41-60% Growth Assets,MA:60GA:MM,MF
INT0028AU,MF-1-13693,IBB10,Morningstar Balanced Real Return Fund,Multi-Asset,41-60% Growth Assets,MA:60GA:MM,MFUND
INT0056AU,MF-1-27152,,Morningstar Conservative Fund,Multi-Asset,0-20% Growth Assets,MA:20GA:MM,MF
INT0034AU,MF-1-13690,IBB09,Morningstar Conservative Real Return Fund,Multi-Asset,21-40% Growth Assets,MA:40GA:MM,MFUND
INT0095AU,MF-1-23939,,Morningstar Diversified Alternatives Fund,Alternatives,Growth Alternatives (Moderate),ALT:GAM:FO,MF
INT0036AU,MF-1-23932,,Morningstar Growth Fund,Multi-Asset,61-80% Growth Assets,MA:80GA:MM,MF
INT0038AU,MF-1-13691,IBB11,Morningstar Growth Real Return Fund,Multi-Asset,61-80% Growth Assets,MA:80GA:MM,MFUND
INT0042AU,MF-1-14464,IBB12,Morningstar High Growth Real Return Fund,Multi-Asset,81-100% Growth Assets,MA:100GA:MM,MFUND
INT0080AU,MF-1-23937,,Morningstar International Bonds (Hedged) Fund,Fixed Interest,Global Fixed Interest,FI:GFI,MF
INT0050AU,MF-1-28949,IBB04,Morningstar International Shares (Hedged) Fund,Global Equities,Global Large Cap,GEQ:GLC:QUCH,MFUND
INT0052AU,MF-1-23934,IBB01,Morningstar International Shares (Unhedged) Fund,Global Equities,Global Large Cap,GEQ:GLC:QU,MFUND
INT0032AU,MF-1-23931,,Morningstar Moderate Fund,Multi-Asset,21-40% Growth Assets,MA:40GA:MM,MF
INT0040AU,MF-1-14463,IBB13,Morningstar Multi Asset Real Return Fund,Multi-Asset,Variable Growth Assets,MA:VGA:RR,MFUND
PER0673AU,MF-1-28296,,Morphic Global Opportunities Fund,Global Equities,Global Long Short,GEQ:GLS:GL,MF
MUA0002AU,FD-32188,,Munro Global Growth Fund,Global Equities,Global Long Short,GEQ:GLS:GL,MF
MLC0870AU,MF-1-26245,,MLC Index Plus Balanced Portfolio,Multi-Asset,61-80% Growth Assets,MA:80GA:LCD,MF
MLC0871AU,MF-1-26246,,MLC Index Plus Conservative Growth Portfolio,Multi-Asset,41-60% Growth Assets,MA:60GA:LCD,MF
MLC0869AU,MF-1-26247,,MLC Index Plus Growth Portfolio,Multi-Asset,81-100% Growth Assets,MA:100GA:LCD,MF
MLC0262AU,MF-1-8776,,MLC Wholesale Australian Share Fund,Australian Equities,Australian Large Cap,AEQ:ALP:MM,MF
MLC0839AU,MF-1-19513,,MLC Wholesale Diversified Debt Fund Class A,Fixed Interest,Diversified Fixed Interest,FI:DFI:MM,MF
MLC0786AU,MF-1-18652,,MLC Wholesale Global Property Fund,Property and Infrastructure,Global Listed Property,PI:GLP:MM,MF
MLC0261AU,MF-1-14958,,MLC Wholesale Global Share Fund,Global Equities,Global Large Cap,GEQ:GLC:MM,MF
MLC0787AU,MF-1-18757,,MLC Wholesale Hedged Global Share Fund  Class A,Global Equities,Global Large Cap,GEQ:GLC:MMCH,MF
MLC0669AU,MF-1-18626,,MLC Wholesale Horizon 1 Bond Portfolio,Fixed Interest,Alternative Income,FI:AI:MM,MF
MLC0670AU,MF-1-18623,,MLC Wholesale Horizon 2 Income Portfolio,Multi-Asset,21-40% Growth Assets,MA:40GA:MM,MF
MLC0398AU,MF-1-11262,,MLC Wholesale Horizon 3 Conserv Growth Portfolio,Multi-Asset,41-60% Growth Assets,MA:60GA:MM,MF
MLC0260AU,MF-1-4280,,MLC Wholesale Horizon 4 Balanced Portfolio,Multi-Asset,61-80% Growth Assets,MA:80GA:MM,MF
MLC0265AU,MF-1-4284,,MLC Wholesale Horizon 5 Growth Portfolio,Multi-Asset,81-100% Growth Assets,MA:100GA:MM,MF
MLC0397AU,MF-1-14224,,MLC Wholesale Horizon 6 Share Fund,Multi-Asset,81-100% Growth Assets,MA:100GA:MM,MF
MLC0449AU,MF-1-14480,,MLC Wholesale Horizon 7 Accelerated Growth Portfolio,Multi-Asset,>100% Growth Assets,MA:GGA:MMG,MF
MLC0264AU,MF-1-4288,,MLC Wholesale IncomeBuilder,Australian Equities,Australian Large Cap,AEQ:ALP:MM,MF
MLC7387AU,FD-32591,,MLC Wholesale Index Plus Balanced Portfolio,Multi-Asset,61-80% Growth Assets,MA:80GA:LCD,MF
MLC7849AU,FD-32590,,MLC Wholesale Index Plus Conservative Growth Portfolio,Multi-Asset,41-60% Growth Assets,MA:60GA:LCD,MF
MLC9748AU,FD-32589,,MLC Wholesale Index Plus Growth Portfolio,Multi-Asset,81-100% Growth Assets,MA:100GA:LCD,MF
MLC0667AU,MF-1-15185,,MLC Wholesale Inflation Plus  Assertive Portfolio A,Multi-Asset,Variable Growth Assets,MA:VGA:RRG,MF
MLC0921AU,MF-1-30590,,MLC Wholesale Inflation Plus  Conservative Portfolio,Multi-Asset,Variable Growth Assets,MA:VGA:RR,MF
MLC0920AU,MF-1-30591,,MLC Wholesale Inflation Plus  Moderate Portfolio,Multi-Asset,Variable Growth Assets,MA:VGA:RR,MF
MLC0263AU,MF-1-4269,,MLC Wholesale Property Securities Fund,Property and Infrastructure,Australian Listed Property,PI:ALP:MM,MF
ANT0005AU,MF-1-28130,,Altrinsic Global Equities Trust,Global Equities,Global Large Cap,GEQ:GLC:FV,MF
PPL0110AU,MF-1-10793,,Antares Australian Equities Fund,Australian Equities,Australian Large Cap,AEQ:ALP:CSN,MF
PPL0010AU,MF-1-26258,,Antares Core Opportunities Model Portfolio,Australian Equities,Australian Large Cap,AEQ:ALP:LCS,SMA
PPL0002AU,MF-1-22751,,Antares Dividend Builder,Australian Equities,Australian Large Cap,AEQ:ALP:IDF,MF
PPL0011AU,MF-1-26257,,Antares Dividend Builder Model Portfolio,Australian Equities,Australian Large Cap,AEQ:ALP:ISM,SMA
PPL0115AU,MF-1-12584,,Antares Elite Opportunities Fund,Australian Equities,Australian Large Cap,AEQ:ALP:CSN,MF
PPL0037AU,MF-1-31769,,Antares ex 20 Model Portfolio,Australian Equities,Australian Large Cap,AEQ:ALP:LCS,SMA
PPL0106AU,MF-1-6714,,Antares High Growth Shares Fund,Australian Equities,Australian Long Short,AEQ:ALS:AE,MF
PPL0028AU,MF-1-30763,,Antares Income Fund,Fixed Interest,Alternative Income,FI:AI,MF
NFS0209AU,MF-1-5114,,Antares Listed Property Fund,Property and Infrastructure,Australian Listed Property,PI:ALP,MF
PPL0034AU,MF-1-31575,,Antares Listed Property Model Portfolio,Property and Infrastructure,Australian Listed Property,PI:ALP:SMA,SMA
MLC0774AU,MF-1-24135,,PIC Wholesale 0/100 Portfolio,Fixed Interest,Alternative Income,FI:AI:MM,MF
MLC0779AU,MF-1-24140,,PIC Wholesale 100/0 Portfolio,Multi-Asset,81-100% Growth Assets,MA:100GA:MM,MF
MLC0780AU,MF-1-27352,,PIC Wholesale 130/0 Portfolio,Multi-Asset,>100% Growth Assets,MA:GGA:MMG,MF
MLC0775AU,MF-1-24136,,PIC Wholesale 30/70 Portfolio,Multi-Asset,21-40% Growth Assets,MA:40GA:MM,MF
MLC0776AU,MF-1-24137,,PIC Wholesale 50/50 Portfolio,Multi-Asset,41-60% Growth Assets,MA:60GA:MM,MF
MLC0777AU,MF-1-24138,,PIC Wholesale 70/30 Portfolio,Multi-Asset,61-80% Growth Assets,MA:80GA:MM,MF
MLC0778AU,MF-1-24139,,PIC Wholesale 85/15 Portfolio,Multi-Asset,81-100% Growth Assets,MA:100GA:MM,MF
MLC4447AU,FD-32588,,PIC Wholesale Index Plus Balanced Portfolio,Multi-Asset,61-80% Growth Assets,MA:80GA:LCD,MF
MLC5068AU,FD-32587,,PIC Wholesale Index Plus Conservative Growth Portfolio,Multi-Asset,41-60% Growth Assets,MA:60GA:LCD,MF
MLC8225AU,FD-32586,,PIC Wholesale Index Plus Growth Portfolio,Multi-Asset,81-100% Growth Assets,MA:100GA:LCD,MF
MLC0782AU,MF-1-31808,,PIC Wholesale Inflation Plus  Assertive Portfolio,Multi-Asset,Variable Growth Assets,MA:VGA:RRG,MF
MLC0924AU,MF-1-24142,,PIC Wholesale Inflation Plus  Conservative Portfolio,Multi-Asset,Variable Growth Assets,MA:VGA:RR,MF
MLC0923AU,MF-1-31807,,PIC Wholesale Inflation Plus  Moderate Portfolio,Multi-Asset,Variable Growth Assets,MA:VGA:RR,MF
NUN0005AU,MF-1-14900,,Pre-Select Australian Equity Fund,Australian Equities,Australian Large Cap,AEQ:ALP:MM,MF
NUN0002AU,MF-1-14901,,Pre-Select Balanced Fund,Multi-Asset,41-60% Growth Assets,MA:60GA:MM,MF
NUN0001AU,MF-1-14902,,Pre-Select Conservative Fund,Multi-Asset,21-40% Growth Assets,MA:40GA:MM,MF
NUN0003AU,MF-1-14903,,Pre-Select Growth Fund,Multi-Asset,61-80% Growth Assets,MA:80GA:MM,MF
NUN0004AU,MF-1-14905,,Pre-Select High Growth Fund,Multi-Asset,81-100% Growth Assets,MA:100GA:MM,MF
NUN0006AU,MF-1-14904,,Pre-Select International Equity Fund,Global Equities,Global Large Cap,GEQ:GLC:MM,MF
PPL0026AU,MF-1-30560,,Presima Global Property Securities Concentrated Fund,Property and Infrastructure,Global Listed Property,PI:GLP:CH,MF
SLT0043AU,MF-1-31189,,Neuberger Berman Absolute Return Multi Strategy Trust,Alternatives,Growth Alternatives (Moderate),ALT:GAM:FO,MF
TYN0104AU,MF-1-13899,,Nikko AM Australian Bond Fund,Fixed Interest,Australian Fixed Interest,FI:AFI,MF
SUN0031AU,MF-1-5621,,Nikko AM Global Share Fund,Global Equities,Global Large Cap,GEQ:GLC:FC,MF
TGP0006AU,MF-1-18455,,Nikko AM New Asia Fund,Global Equities,Global Emerging Markets,GEQ:GEM:REGAS,MF
TYN0040AU,MF-1-30023,,Nikko AM-Tyndall Australian Share Concentrated Fund,Australian Equities,Australian Large Cap,AEQ:ALP:V,MF
TYN0038AU,MF-1-20876,,Nikko AM-Tyndall Australian Share Income Fund,Australian Equities,Australian Large Cap,AEQ:ALP:IDF,MF
TYN0028AU,MF-1-9034,,Nikko AM-Tyndall Australian Share Wholesale Fund,Australian Equities,Australian Large Cap,AEQ:ALP:V,MF
OPS0001AU,MF-1-13018,,OC Dynamic Equity Fund,Australian Equities,Australian Smaller Companies,AEQ:ASC:SC,MF
OPS0004AU,MF-1-23540,,OC Micro-Cap Fund,Australian Equities,Australian Smaller Companies,AEQ:ASC:MICC,MF
OPS0002AU,MF-1-13017,,OC Premium Small Companies Fund,Australian Equities,Australian Smaller Companies,AEQ:ASC:SC,MF
MMF1502AU,MF-1-26414,,OA Frontier IP  OnePath Conservative Trust,Multi-Asset,21-40% Growth Assets,MA:40GA:MM,MF
MMF1511AU,MF-1-26420,,OA Frontier IP-OnePath Global Shares Trust,Global Equities,Global Large Cap,GEQ:GLC:FG,MF
MMF0340AU,MF-1-5019,,OnePath Blue Chip Imputation Trust,Australian Equities,Australian Large Cap,AEQ:ALP:IDF,MF
MMF1509AU,MF-1-26419,,OnePath Global Property Securities Trust,Property and Infrastructure,Global Listed Property,PI:GLP:CH,MF
MMF1542AU,MF-1-26435,,OnePath OptiMix Global Emerging Markets Share Trust,Global Equities,Global Emerging Markets,GEQ:GEM:MM,MF
MMF0700AU,MF-1-14559,,OnePath Tax Effective Income Trust Wholesale Units,Multi-Asset,61-80% Growth Assets,MA:80GA:DIV,MF
AJF0804AU,MF-1-4380,,OnePath Wholesale Australian Share Trust,Australian Equities,Australian Large Cap,AEQ:ALP:CSN,MF
AJF0802AU,MF-1-4201,,OnePath Wholesale Balanced Trust,Multi-Asset,41-60% Growth Assets,MA:60GA:DIV,MF
MMF0114AU,MF-1-4208,,OnePath Wholesale Capital Stable Trust,Multi-Asset,0-20% Growth Assets,MA:20GA:DIV,MF
ANZ0212AU,MF-1-4719,,OnePath Wholesale Diversified Fixed Interest Trust,Fixed Interest,Diversified Fixed Interest,FI:DFI,MF
MMF0112AU,MF-1-11564,,OnePath Wholesale Emerging Companies Trust,Australian Equities,Australian Smaller Companies,AEQ:ASC:SC,MF
MMF0990AU,MF-1-20817,,OnePath Wholesale Geared Australian Shares Index Trust  Class B Units,Australian Equities,Australian Large Cap,AEQ:ALP:MMG,MF
MMF0275AU,MF-1-5343,,OnePath Wholesale Global Emerging Markets Share Trust,Global Equities,Global Emerging Markets,GEQ:GEM,MF
MMF0342AU,MF-1-5005,,OnePath Wholesale High Growth Trust,Multi-Asset,81-100% Growth Assets,MA:100GA:DIV,MF
MMF0115AU,MF-1-4197,,OnePath Wholesale Managed Growth Trust,Multi-Asset,61-80% Growth Assets,MA:80GA:DIV,MF
AJF0803AU,MF-1-9141,,OnePath Wholesale Property Securities Trust,Property and Infrastructure,Australian Listed Property,PI:ALP,MF
ANZ0216AU,MF-1-4715,,OnePath Wholesale Select Leaders Trust,Australian Equities,Australian Large Cap,AEQ:ALP:CSN,MF
MMF0335AU,MF-1-4655,,OnePath Wholesale Sustainable Investments Australian Share Trust,Australian Equities,Australian Large Cap,AEQ:ALP:RI,MF
LEF0043AU,MF-1-14039,,OptiMix Wholesale Australian Share Trust  Class A,Australian Equities,Australian Large Cap,AEQ:ALP:MM,MF
LEF0044AU,MF-1-14040,,OptiMix Wholesale Balanced Trust  Class A,Multi-Asset,61-80% Growth Assets,MA:80GA:MM,MF
LEF0045AU,MF-1-14041,,OptiMix Wholesale Conservative Trust  Class A,Multi-Asset,21-40% Growth Assets,MA:40GA:MM,MF
LEF0047AU,MF-1-14043,,OptiMix Wholesale Global Shares Trust  Class A,Global Equities,Global Large Cap,GEQ:GLC:MM,MF
LEF0048AU,MF-1-14044,,OptiMix Wholesale Global Smaller Companies Share Trust  Class A,Global Equities,Global Smaller Companies,GEQ:GSC:MM,MF
LEF0049AU,MF-1-14045,,OptiMix Wholesale Growth Trust  Class A,Multi-Asset,81-100% Growth Assets,MA:100GA:MM,MF
LEF0050AU,MF-1-14046,,OptiMix Wholesale High Growth Trust  Class A,Multi-Asset,81-100% Growth Assets,MA:100GA:MM,MF
LEF0051AU,MF-1-14047,,OptiMix Wholesale Moderate Trust  Class A,Multi-Asset,41-60% Growth Assets,MA:60GA:MM,MF
ETL0463AU,FD-31947,,Orbis Global Equity Fund  Australia Registered Retail,Global Equities,Global Large Cap,GEQ:GLC:FV,MF
ETL0419AU,MF-1-31514,,Pan Tribal Global Equity Fund,Global Equities,Global Large Cap,GEQ:GLC:FG,MF
ETL0365AU,MF-1-28558,,Paradice Global Small Mid Cap Fund,Global Equities,Global Smaller Companies,GEQ:GSC:SC,MF
ETL0451AU,FD-32226,,Paradice Mid Cap Equities Fund,Australian Equities,Australian Smaller Companies,AEQ:ASC:MIDC,MF
ETL0431AU,MF-1-31693,,Partners Group Global Multi-Asset Fund,Alternatives,Growth Alternatives (High),ALT:GAH:PE,MF
ETL0480AU,FD-32463,,Partners Group Global Real Estate Fund (AUD),Alternatives,Growth Alternatives (High),ALT:GAH:PE,MF
ETL0276AU,MF-1-28877,,Partners Group Global Value Fund (AUD)  Wholesale,Alternatives,Growth Alternatives (High),ALT:GAH:PE,MF
PCL0004AU,MF-1-26608,,Pengana Absolute Return Asia Pacific Fund,Alternatives,Growth Alternatives (Moderate),ALT:GAM:ED,MF
PCL0005AU,MF-1-26620,,Pengana Australian Equities Fund,Australian Equities,Australian Large Cap,AEQ:ALP:AR,MF
PER0270AU,MF-1-14333,,Pengana Emerging Companies Fund,Australian Equities,Australian Smaller Companies,AEQ:ASC:SC,MF
PCL0022AU,MF-1-31705,,Pengana Global Small Companies Fund,Global Equities,Global Smaller Companies,GEQ:GSC:SC,MF
PCL0023AU,MF-1-31927,,Pengana PanAgora Absolute Return Global Equities Fund,Alternatives,Growth Alternatives (Moderate),ALT:GAM:MN,MF
WPC1963AU,FD-32596,,Daintree Core Income Trust,Fixed Interest,Unconstrained Bond,FI:UB,MF
WPC3982AU,FD-32531,,Perennial Value Microcap Opportunities Trust,Australian Equities,Australian Smaller Companies,AEQ:ASC:MICC,MF
IOF0078AU,MF-1-15078,,Perennial Value Shares For Income Trust,Australian Equities,Australian Large Cap,AEQ:ALP:IDF,MF
IOF0206AU,MF-1-4769,,Perennial Value Shares Wholesale Trust,Australian Equities,Australian Large Cap,AEQ:ALP:V,MF
IOF0214AU,MF-1-20967,,Perennial Value Smaller Companies Trust,Australian Equities,Australian Smaller Companies,AEQ:ASC:SC,MF
IOF0228AU,MF-1-31135,,Perennial Value Wealth Defender Australian Shares Trust,Australian Equities,Australian Large Cap,AEQ:ALP:AR,MF
,EF-2-31501,WDE,Wealth Defender Equities Limited,Australian Equities,Australian Large Cap,AEQ:ALP:LIC,LIC-LIT
PER0728AU,MF-1-31591,,BMO Pyrford Global Absolute Return,Multi-Asset,Variable Growth Assets,MA:VGA:RR,MF
,MF-1-31109,,Perpetual Direct Equity Alpha SMA,Australian Equities,Australian Large Cap,AEQ:ALP:LCS,SMA
PER0556AU,MF-1-28284,,Perpetual Diversified Real Return Fund,Multi-Asset,Variable Growth Assets,MA:VGA:RR,MF
PER0258AU,MF-1-19682,,Perpetual Exact Market Cash Fund,Fixed Interest,Enhanced Cash and Deposits,FI:ECD,MF
PER8045AU,FD-32284,,Perpetual Wholesale Active Fixed Interest Fund,Fixed Interest,Australian Fixed Interest,FI:AFI,MF
PER0049AU,MF-1-7010,,Perpetual Wholesale Australian Share Fund,Australian Equities,Australian Large Cap,AEQ:ALP:V,MF
PER0063AU,MF-1-4315,,Perpetual Wholesale Balanced Growth Fund,Multi-Asset,61-80% Growth Assets,MA:80GA:DIV,MF
PER0102AU,MF-1-5980,,Perpetual Wholesale Concentrated Equity Fund,Australian Equities,Australian Large Cap,AEQ:ALP:V,MF
PER0077AU,MF-1-11257,,Perpetual Wholesale Conservative Growth Fund,Multi-Asset,21-40% Growth Assets,MA:40GA:DIV,MF
PER0114AU,MF-1-11252,,Perpetual Wholesale Diversified Growth Fund,Multi-Asset,41-60% Growth Assets,MA:60GA:DIV,MF
PER0260AU,MF-1-15087,,Perpetual Wholesale Diversified Income Fund,Fixed Interest,Alternative Income,FI:AI,MF
PER0557AU,MF-1-27283,,Perpetual Wholesale Dynamic Fixed Income Fund,Fixed Interest,Unconstrained Bond,FI:UB,MF
PER0116AU,MF-1-11193,,Perpetual Wholesale Ethical SRI Fund,Australian Equities,Australian Large Cap,AEQ:ALP:RI,MF
PER0071AU,MF-1-13001,,Perpetual Wholesale Geared Australian Share Fund,Australian Equities,Australian Large Cap,AEQ:ALP:GE,MF
PER0733AU,MF-1-31507,,Perpetual Wholesale Global Share Fund,Global Equities,Global Large Cap,GEQ:GLC:SPEC,MF
PER0752AU,FD-32175,,Perpetual Wholesale Global Share Fund Hedged,Global Equities,Global Large Cap,GEQ:GLC:SPEC,MF
PER0046AU,MF-1-4303,,Perpetual Wholesale Industrial Share Fund,Australian Equities,Australian Large Cap,AEQ:ALP:V,MF
PER0050AU,MF-1-4292,,Perpetual Wholesale International Share Fund,Global Equities,Global Large Cap,GEQ:GLC:SPEC,MF
PER0072AU,MF-1-14119,,Perpetual Wholesale SHARE-PLUS Long-Short Fund,Australian Equities,Australian Long Short,AEQ:ALS:AE,MF
PER0048AU,MF-1-4299,,Perpetual Wholesale Smaller Companies Fund,Australian Equities,Australian Smaller Companies,AEQ:ASC:SC,MF
PER0066AU,MF-1-4295,,Perpetual Wholesale Split Growth Fund,Multi-Asset,81-100% Growth Assets,MA:100GA:DIV,MF
ETL0015AU,MF-1-13921,PMF04,PIMCO Australian Bond Fund  Wholesale Class,Fixed Interest,Diversified Fixed Interest,FI:DFI,MFUND
ETL0182AU,MF-1-23238,PMF05,PIMCO Australian Focus Fund  Wholesale Class,Fixed Interest,Unconstrained Bond,FI:UB,MFUND
ETL0445AU,MF-1-31858,,PIMCO Capital Securities Fund  Wholesale Class,Fixed Interest,Alternative Income High,FI:AIH,MF
ETL0016AU,MF-1-13922,PMF02,PIMCO Diversified Fixed Interest Fund  Wholesale Class,Fixed Interest,Diversified Fixed Interest,FI:DFI,MFUND
ETL0017AU,MF-1-13925,,PIMCO Emerging Markets Bond Fund  Wholesale Class,Fixed Interest,Emerging Market Debt,FI:EMD,MF
ETL0018AU,MF-1-11439,PMF03,PIMCO Global Bond Fund  Wholesale Class,Fixed Interest,Global Fixed Interest,FI:GFI,MFUND
ETL0019AU,MF-1-13924,PMF01,PIMCO Global Credit Fund  Wholesale Class,Fixed Interest,Alternative Income,FI:AI,MFUND
ETL0458AU,FD-31944,,PIMCO Income Fund  Wholesale Class,Fixed Interest,Alternative Income High,FI:AIH,MF
ETL0404AU,MF-1-31280,PMF06,PIMCO Unconstrained Bond Fund  Wholesale Class,Fixed Interest,Unconstrained Bond,FI:UB,MFUND
PER0731AU,MF-1-31599,,PineBridge Global Dynamic Asset Allocation Fund,Multi-Asset,Variable Growth Assets,MA:VGA:RR,MF
BNT0003AU,MF-1-4099,HYN01,Hyperion Australian Growth Companies Fund,Australian Equities,Australian Large Cap,AEQ:ALP:GR,MFUND
BNT0101AU,MF-1-6487,HYN02,Hyperion Small Growth Companies Fund,Australian Equities,Australian Smaller Companies,AEQ:ASC:SC,MFUND
PLA0004AU,MF-1-13031,,Platinum Asia Fund,Global Equities,Global Long Short,GEQ:GLS:REGAS,MF
,FD-32584,PAXX,Platinum Asia Fund (Quoted Managed Fund),Global Equities,Global Long Short,GEQ:GLS:REGAS,ETF
PLA0001AU,MF-1-6554,,Platinum European Fund,Global Equities,Global Long Short,GEQ:GLS:EU,MF
PLA0100AU,MF-1-5361,,Platinum International Brands Fund,Global Equities,Global Long Short,GEQ:GLS:SE,MF
PLA0002AU,MF-1-6553,,Platinum International Fund,Global Equities,Global Long Short,GEQ:GLS:GL,MF
,FD-32583,PIXX,Platinum International Fund (Quoted Managed Fund),Global Equities,Global Long Short,GEQ:GLS:GL,ETF
PLA0005AU,MF-1-14878,,Platinum International Healthcare Fund,Global Equities,Global Long Short,GEQ:GLS:SE,MF
PLA0101AU,MF-1-5362,,Platinum International Technology Fund,Global Equities,Global Long Short,GEQ:GLS:SE,MF
PLA0003AU,MF-1-6555,,Platinum Japan Fund,Global Equities,Global Long Short,GEQ:GLS:REGAS,MF
WHT0039AU,MF-1-27043,,Plato Australian Shares Income Fund,Australian Equities,Australian Large Cap,AEQ:ALP:IDF,MF
WHT0055AU,MF-1-31151,,Plato Australian Shares Income Fund (Managed Risk),Australian Equities,Australian Large Cap,AEQ:ALP:AR,MF
PMC0002AU,MF-1-22948,,PM CAPITAL Asian Companies Fund,Global Equities,Global Emerging Markets,GEQ:GEM:REGAS,MF
PMC0101AU,MF-1-5222,,PM CAPITAL Australian Companies Fund,Australian Equities,Australian Long Short,AEQ:ALS:VB,MF
PMC0103AU,MF-1-11064,,PM CAPITAL Enhanced Yield Fund,Fixed Interest,Alternative Income High,FI:AIH,MF
PMC0100AU,MF-1-5218,,PM Capital Global Companies Fund,Global Equities,Global Long Short,GEQ:GLS:GL,MF
PVA0011AU,MF-1-15093,,Prime Value Growth Fund Class B,Australian Equities,Australian Large Cap,AEQ:ALP:GR,MF
PVA0022AU,MF-1-15097,,Prime Value Imputation Fund Class B,Australian Equities,Australian Large Cap,AEQ:ALP:GR,MF
PVA0005AU,MF-1-30730,,Prime Value Opportunities A,Australian Equities,Australian Large Cap,AEQ:ALP:AR,MF
PGI0001AU,MF-1-15005,,Principal Global Credit Opportunities Fund,Fixed Interest,Alternative Income High,FI:AIH,MF
PGI0002AU,MF-1-20756,,Principal Global Property Securities Fund,Property and Infrastructure,Global Listed Property,PI:GLP:CH,MF
TGP0015AU,MF-1-27359,,RARE Emerging Markets Fund,Property and Infrastructure,Global Listed Infrastructure,PI:GLI:REGEE,MF
TGP0016AU,MF-1-20422,,RARE Infrastructure Income Fund,Property and Infrastructure,Global Listed Infrastructure,PI:GLI:CH,MF
TGP0008AU,MF-1-18814,,RARE Infrastructure Value Fund  Hedged,Property and Infrastructure,Global Listed Infrastructure,PI:GLI:CH,MF
TGP0034AU,MF-1-26982,,RARE Infrastructure Value Fund  Unhedged,Property and Infrastructure,Global Listed Infrastructure,PI:GLI,MF
AMR0006AU,MF-1-26648,,Regal Long Short Australian Equity Fund,Australian Equities,Australian Long Short,AEQ:ALS:AE,MF
WHT0015AU,MF-1-25196,,Resolution Capital Global Property Securities Fund,Property and Infrastructure,Global Listed Property,PI:GLP:CH,MF
IOF0081AU,MF-1-15158,,Resolution Capital Global Property Securities Fund (Hedged)  Series II,Property and Infrastructure,Global Listed Property,PI:GLP:CH,MF
IOF0184AU,MF-1-27223,,Resolution Capital Global Property Securities Fund (Unhedged)  Series II,Property and Infrastructure,Global Listed Property,PI:GLP,MF
ETL0415AU,MF-1-31314,,Robeco BP Global Premium Equities Fund (AUD),Global Equities,Global Large Cap,GEQ:GLC:FV,MF
ETL0381AU,MF-1-30904,,Robeco Emerging Conservative Equity Fund,Global Equities,Global Emerging Markets,GEQ:GEM,MF
RIM0046AU,MF-1-27984,,Russell After-Tax Australian Shares Fund (Super Investors)  Class A,Australian Equities,Australian Large Cap,AEQ:ALP:MM,MF
TRM0045AU,MF-1-21264,,Russell Balanced Opportunities Portfolio,Multi-Asset,61-80% Growth Assets,MA:80GA:MM,MF
RIM0029AU,MF-1-14268,,Russell Investments Australian Opportunities Fund  Class A,Australian Equities,Australian Large Cap,AEQ:ALP:MM,MF
RIM0006AU,MF-1-14267,,Russell Investments Australian Shares Fund  Class A,Australian Equities,Australian Large Cap,AEQ:ALP:MM,MF
RIM0001AU,MF-1-14274,,Russell Investments Balanced Fund  Class A,Multi-Asset,61-80% Growth Assets,MA:80GA:MM,MF
RIM0002AU,MF-1-14272,,Russell Investments Conservative Fund  Class A,Multi-Asset,21-40% Growth Assets,MA:40GA:MM,MF
RIM0003AU,MF-1-14273,,Russell Investments Diversified 50 Fund  Class A,Multi-Asset,41-60% Growth Assets,MA:60GA:MM,MF
RIM0038AU,MF-1-19373,,Russell Investments Emerging Markets Fund  Class A,Global Equities,Global Emerging Markets,GEQ:GEM:MM,MF
RIM0042AU,MF-1-26814,,Russell Investments Global Listed Infrastructure Fund  Hedged,Property and Infrastructure,Global Listed Infrastructure,PI:GLI:MM,MF
RIM0039AU,MF-1-21033,,Russell Investments Global Opportunities Fund  $A Hedged (Class A),Global Equities,Global Large Cap,GEQ:GLC:MMCH,MF
RIM0032AU,MF-1-14271,,Russell Investments Global Opportunities Fund Class A,Global Equities,Global Large Cap,GEQ:GLC:MM,MF
RIM0004AU,MF-1-14275,,Russell Investments Growth Fund  Class A,Multi-Asset,81-100% Growth Assets,MA:100GA:MM,MF
RIM0034AU,MF-1-19064,,Russell Investments High Growth Fund  Class A,Multi-Asset,81-100% Growth Assets,MA:100GA:MM,MF
RIM0007AU,MF-1-24508,,Russell Investments International Bond $A Hedged Fund Class A,Fixed Interest,Global Fixed Interest,FI:GFI,MF
RIM0031AU,MF-1-14754,,Russell Investments International Property Securities Fund  Hedged,Property and Infrastructure,Global Listed Property,PI:GLP:MM,MF
RIM0009AU,MF-1-14276,,Russell Investments International Shares Fund  $A Hedged (Class A),Global Equities,Global Large Cap,GEQ:GLC:MMCH,MF
RIM0008AU,MF-1-14270,,Russell Investments International Shares Fund  Class A,Global Equities,Global Large Cap,GEQ:GLC:MM,MF
RIM0098AU,FD-32194,,Russell Investments Multi-Asset Growth Strategy Fund - Class A,Multi-Asset,Variable Growth Assets,MA:VGA:RR,MF
RIM0086AU,MF-1-31417,,Russell Investments Multi-Asset Growth Strategy Fund (Retail)  Class A,Multi-Asset,Variable Growth Assets,MA:VGA:RR,MF
RIM0087AU,MF-1-31418,,Russell Investments Multi-Asset Growth Strategy Plus Fund  Class A,Multi-Asset,Variable Growth Assets,MA:VGA:RR,MF
RIM0089AU,MF-1-31420,,Russell Investments Multi-Asset Income Strategy Fund  Class A,Multi-Asset,Variable Growth Assets,MA:VGA:MAI,MF
RIM0024AU,MF-1-12023,,Russell Investments Portfolio Series  Balanced,Multi-Asset,61-80% Growth Assets,MA:80GA:MM,MF
RIM0023AU,MF-1-12022,,Russell Investments Portfolio Series  Conservative,Multi-Asset,21-40% Growth Assets,MA:40GA:MM,MF
RIM0025AU,MF-1-12024,,Russell Investments Portfolio Series  Growth,Multi-Asset,81-100% Growth Assets,MA:100GA:MM,MF
STL0044AU,MF-1-29972,,Sandhurst Strategic Income Fund B,Fixed Interest,Enhanced Cash and Deposits,FI:ECD,MF
SCH0101AU,MF-1-12225,SCH21,Schroder Australian Equity Fund W Class,Australian Equities,Australian Large Cap,AEQ:ALP:GR,MFUND
SCH0102AU,MF-1-12290,,Schroder Balanced Fund  W Class,Multi-Asset,61-80% Growth Assets,MA:80GA:DIV,MF
SCH0103AU,MF-1-12291,,Schroder Credit Securities Fund  W Class,Fixed Interest,Alternative Income High,FI:AIH,MF
SCH0028AU,MF-1-13903,SCH51,Schroder Fixed Income Fund,Fixed Interest,Diversified Fixed Interest,FI:DFI,MFUND
SCH0040AU,MF-1-24852,,Schroder Global Blend Fund,Global Equities,Global Large Cap,GEQ:GLC:QU,MF
SCH0034AU,MF-1-19091,SCH41,Schroder Global Emerging Markets Fund,Global Equities,Global Emerging Markets,GEQ:GEM,MFUND
SCH0041AU,MF-1-24853,,Schroder Global Quality Fund,Global Equities,Global Large Cap,GEQ:GLC:QU,MF
SCH0030AU,MF-1-19511,,Schroder Global Value Fund,Global Equities,Global Large Cap,GEQ:GLC:QU,MF
SCH0032AU,MF-1-19512,,Schroder Global Value Fund (Hedged),Global Equities,Global Large Cap,GEQ:GLC:QUCH,MF
SCH0096AU,MF-1-31896,,Schroder Real Return CPI Plus 3.5% Fund  Wholesale Class,Multi-Asset,Variable Growth Assets,MA:VGA:RR,MF
SCH0047AU,MF-1-25244,SCH11,Schroder Real Return CPI Plus 5% Fund  Wholesale Class,Multi-Asset,Variable Growth Assets,MA:VGA:RR,MFUND
,FD-32177,GROW,Schroder Real Return Fund (Managed Fund),Multi-Asset,Variable Growth Assets,MA:VGA:RR,ETF
ASC0003AU,MF-1-28443,,Smallco Broadcap Fund,Australian Equities,Australian Large Cap,AEQ:ALP:GR,MF
ASC0001AU,MF-1-13260,,Smallco Investment Fund,Australian Equities,Australian Long Short,AEQ:ALS:VB,MF
WHT0012AU,MF-1-21017,,Solaris Core Australian Equity Fund,Australian Equities,Australian Large Cap,AEQ:ALP:CSN,MF
SOL0001AU,MF-1-28402,,Solaris Core Australian Equity Fund (Performance Alignment),Australian Equities,Australian Large Cap,AEQ:ALP:CSN,MF
WHT0066AU,FD-32148,,Spheria Australian Microcap Fund,Australian Equities,Australian Smaller Companies,AEQ:ASC:MICC,MF
WHT0008AU,MF-1-21173,,Spheria Australian Smaller Companies Fund,Australian Equities,Australian Smaller Companies,AEQ:ASC:SC,MF
ETL0410AU,MF-1-31331,,Spire Copper Rock Capital Global Smaller Companies Fund,Global Equities,Global Smaller Companies,GEQ:GSC:SC,MF
ETL0134AU,MF-1-31213,,Standard Life Investments Absolute Return Global Bond Strategies Trust,Fixed Interest,Unconstrained Bond,FI:UB,MF
ETL0130AU,MF-1-30164,,Standard Life Investments Global Absolute Return Strategies Trust,Alternatives,Growth Alternatives (Moderate),ALT:GAM:M,MF
ETL0489AU,FD-32219,,Standard Life Investments Global Equity Unconstrained Trust,Global Equities,Global Large Cap,GEQ:GLC:FC,MF
ETL0465AU,FD-31961,,Standard Life Investments Global Focused Strategies Trust,Alternatives,Growth Alternatives (Moderate),ALT:GAM:M,MF
SST0048AU,MF-1-28632,,State Street Australian Equity Fund,Australian Equities,Australian Large Cap,AEQ:ALP:CSN,MF
SST0052AU,MF-1-31043,,State Street Builder Fund,Multi-Asset,Variable Growth Assets,MA:VGA:RR,MF
SST0050AU,MF-1-30082,,State Street Global Equity Fund,Global Equities,Global Large Cap,GEQ:GLC:QU,MF
SST0053AU,MF-1-31042,,State Street Provider Fund,Multi-Asset,Variable Growth Assets,MA:VGA:MAI,MF
SST0054AU,MF-1-31044,,State Street Sustainer Fund,Multi-Asset,Variable Growth Assets,MA:VGA:MAI,MF
,MF-1-31216,,Sunsuper for Life  Balanced,Multi-Asset,61-80% Growth Assets,MA:80GA:SPR,SUP
,MF-1-31219,,Sunsuper for Life  Balanced Index,Multi-Asset,61-80% Growth Assets,MA:80GA:SPR,SUP
,MF-1-31214,,Sunsuper for Life  Capital Guaranteed,Multi-Asset,0-20% Growth Assets,MA:20GA:SPR,SUP
,MF-1-31215,,Sunsuper for Life  Conservative,Multi-Asset,21-40% Growth Assets,MA:40GA:SPR,SUP
,MF-1-31217,,Sunsuper for Life  Growth,Multi-Asset,81-100% Growth Assets,MA:100GA:SPR,SUP
,MF-1-31218,,Sunsuper for Life  Retirement,Multi-Asset,41-60% Growth Assets,MA:60GA:SPR,SUP
SIA0001AU,MF-1-28032,,Supervised Global Income Fund,Fixed Interest,Alternative Income High,FI:AIH,MF
ETL0160AU,MF-1-20901,,T. Rowe Price Asia Ex-Japan Equity Fund,Global Equities,Global Emerging Markets,GEQ:GEM:REGAS,MF
ETL0328AU,MF-1-28880,,T. Rowe Price Australian Equity Fund,Australian Equities,Australian Large Cap,AEQ:ALP:GR,MF
ETL0398AU,MF-1-31614,,T. Rowe Price Dynamic Global Bond,Fixed Interest,Unconstrained Bond,FI:UB,MF
ETL0312AU,MF-1-27397,,T. Rowe Price Global Equity (Hedged) Fund,Global Equities,Global Large Cap,GEQ:GLC:FCH,MF
ETL0071AU,MF-1-19294,,T. Rowe Price Global Equity Fund,Global Equities,Global Large Cap,GEQ:GLC:FG,MF
PIM0034AU,FD-31948,,CFM Institutional Systematic Diversified Trust A,Alternatives,Growth Alternatives (Moderate),ALT:GAM:SRP,MF
PIM1966AU,FD-32575,,CFM IS Trends Trust  Class A,Alternatives,Growth Alternatives (High),ALT:GAH:MF,MF
SBC0813AU,MF-1-4390,,UBS Australian Bond Fund,Fixed Interest,Australian Fixed Interest,FI:AFI,MF
SBC0817AU,MF-1-4337,,UBS Australian Share Fund,Australian Equities,Australian Large Cap,AEQ:ALP:CSN,MF
UBS0004AU,MF-1-14460,,UBS Australian Small Companies Fund,Australian Equities,Australian Smaller Companies,AEQ:ASC:SC,MF
SBC0815AU,MF-1-7824,,UBS Balanced Investment Fund,Multi-Asset,61-80% Growth Assets,MA:80GA:DIV,MF
UBS0064AU,FD-32227,,UBS Clarion Global Infrastructure Securities Fund,Property and Infrastructure,Global Listed Infrastructure,PI:GLI:CH,MF
HML0016AU,MF-1-15151,,UBS Clarion Global Property Securities Fund,Property and Infrastructure,Global Listed Property,PI:GLP:CH,MF
SBC0814AU,MF-1-7825,,UBS Defensive Investment Fund,Multi-Asset,21-40% Growth Assets,MA:40GA:DIV,MF
SBC0007AU,MF-1-7830,,UBS Diversified Fixed Income Fund,Fixed Interest,Diversified Fixed Interest,FI:DFI,MF
UBS0003AU,MF-1-11095,,UBS Income Solution Fund,Fixed Interest,Alternative Income,FI:AI,MF
,FD-32574,MONY,UBS IQ Cash ETF,Fixed Interest,Enhanced Cash and Deposits,FI:ECD,ETF
,EF-2-30901,DIV,UBS IQ Morningstar Australia Dividend Yield ETF,Australian Equities,Australian Large Cap,AEQ:ALP:IDF,ETF
,EF-2-30534,ETF,UBS IQ Morningstar Australia Quality ETF,Australian Equities,Australian Large Cap,AEQ:ALP:CSN,ETF
SBC0816AU,MF-1-7833,,UBS Property Securities Fund,Property and Infrastructure,Australian Listed Property,PI:ALP,MF
UBS0041AU,MF-1-30031,,UBS Tactical Beta Balanced,Multi-Asset,41-60% Growth Assets,MA:60GA:LCD,MF
UBS0036AU,MF-1-30029,,UBS Tactical Beta Conservative,Multi-Asset,21-40% Growth Assets,MA:40GA:LCD,MF
UBS0037AU,MF-1-30030,,UBS Tactical Beta Growth,Multi-Asset,61-80% Growth Assets,MA:80GA:LCD,MF
UBS0024AU,MF-1-23016,,UBS-HALO Australian Share Fund,Australian Equities,Australian Large Cap,AEQ:ALP:CSN,MF
,FD-32126,,Arnhem Australia+ Strategy,Global Equities,Global Large Cap,GEQ:GLC:SMA,SMA
ARO0011AU,MF-1-4835,,Arnhem Australian Equity Fund,Australian Equities,Australian Large Cap,AEQ:ALP:GR,MF
,FD-32125,,Arnhem Global Growth Strategy,Global Equities,Global Large Cap,GEQ:GLC:SMA,SMA
VAN0108AU,MF-1-12438,,Vanguard Balanced Index Fund,Multi-Asset,41-60% Growth Assets,MA:60GA:LCD,MF
VAN0102AU,MF-1-5750,,Vanguard Cash Plus Fund,Fixed Interest,Enhanced Cash and Deposits,FI:ECD,MF
VAN0020AU,MF-1-20447,,Vanguard Cash Reserve Fund,Fixed Interest,Enhanced Cash and Deposits,FI:ECD,MF
VAN0068AU,FD-32535,,Vanguard Global Minimum Volatility Fund,Global Equities,Global Large Cap,GEQ:GLC:SPEC,MF
VAN0074AU,FD-32534,,Vanguard Global Value Equity Fund,Global Equities,Global Large Cap,GEQ:GLC:QU,MF
VAN0109AU,MF-1-12437,,Vanguard Wholesale Conservative Index Fund,Multi-Asset,21-40% Growth Assets,MA:40GA:LCD,MF
VAN0110AU,MF-1-12439,,Vanguard Wholesale Growth Index Fund,Multi-Asset,61-80% Growth Assets,MA:80GA:LCD,MF
VAN0111AU,MF-1-12440,,Vanguard Wholesale High Growth Index Fund,Multi-Asset,81-100% Growth Assets,MA:100GA:LCD,MF
WMF0001AU,FD-32171,,Watermark Market Neutral Trust,Alternatives,Growth Alternatives (Moderate),ALT:GAM:MN,MF
ETL0387AU,MF-1-31597,,William Blair Emerging Markets Leaders Fund,Global Equities,Global Emerging Markets,GEQ:GEM,MF
ETL0388AU,MF-1-31348,,William Blair Global Leaders Fund,Global Equities,Global Large Cap,GEQ:GLC:FG,MF
ZUR0064AU,MF-1-4359,,Zurich Investments Australian Property Securities Fund,Property and Infrastructure,Australian Listed Property,PI:ALP,MF
ZUR0617AU,FD-32150,,Zurich Investments Concentrated Global Growth Fund,Global Equities,Global Large Cap,GEQ:GLC:FG,MF
ZUR0614AU,MF-1-31598,,Zurich Investments Emerging Markets Equity Fund,Global Equities,Global Emerging Markets,GEQ:GEM,MF
ZUR0538AU,MF-1-15183,,Zurich Investments Equity Income Fund,Australian Equities,Australian Large Cap,AEQ:ALP:IS,MF
PMC0003AU,MF-1-27124,,Zurich Investments Global Equity Income Fund,Global Equities,Global Large Cap,GEQ:GLC:IS,MF
ZUR0580AU,MF-1-22701,,Zurich Investments Global Growth Fund,Global Equities,Global Large Cap,GEQ:GLC:FVCH,MF
ZUR0061AU,MF-1-4352,,Zurich Investments Global Thematic Share Fund,Global Equities,Global Large Cap,GEQ:GLC:FVCH,MF
ZUR0517AU,MF-1-18781,,Zurich Investments Hedged Global Thematic Share Fund,Global Equities,Global Large Cap,GEQ:GLC:FCH,MF
ZUR0059AU,MF-1-4355,,Zurich Investments Managed Growth Fund,Multi-Asset,61-80% Growth Assets,MA:80GA:DIV,MF
ZUR0583AU,MF-1-26626,,Zurich Investments Small Companies Fund,Australian Equities,Australian Smaller Companies,AEQ:ASC:SC,MF
ZUR0581AU,MF-1-23495,,Zurich Investments Unhedged Global Growth Fund,Global Equities,Global Large Cap,GEQ:GLC:FG,MF
ZUR0518AU,MF-1-25106,,Zurich Investments Unhedged Global Thematic Share Fund,Global Equities,Global Large Cap,GEQ:GLC:FT,MF
ZUR0274AU,MF-1-12048,,Zurich Superannuation Plan  Balanced Fund,Multi-Asset,41-60% Growth Assets,MA:60GA:SPR,MF
ZUR0273AU,MF-1-12049,,Zurich Superannuation Plan  Capital Stable Fund,Multi-Asset,21-40% Growth Assets,MA:40GA:SPR,MF
ZUR0277AU,MF-1-12056,,Zurich Superannuation Plan  Managed Share Fund,Multi-Asset,81-100% Growth Assets,MA:100GA:SPR,MF
ZUR0381AU,MF-1-10726,,Zurich Superannuation Plan  Priority Growth Fund,Multi-Asset,81-100% Growth Assets,MA:100GA:SPR,MF
BPF0016AU,MF-1-28821,,Bell Global Equities Fund  Platform,Global Equities,Global Large Cap,GEQ:GLC:FG,MF
ETL0091AU,MF-1-27778,IWM03,Alpha Australian Blue Chip Fund,Australian Equities,Australian Large Cap,AEQ:ALP:MM,MFUND
ETL0092AU,MF-1-27779,,Alpha Australian Small Companies Fund,Australian Equities,Australian Smaller Companies,AEQ:ASC:SC,MF
ETL0060AU,MF-1-23832,AQY01,Allan Gray Australia Equity Fund,Australian Equities,Australian Large Cap,AEQ:ALP:V,MFUND
ETL0273AU,MF-1-28412,AQY02,Allan Gray Australia Stable Fund,Australian Equities,Australian Large Cap,AEQ:ALP:AR,MFUND
,MF-1-31609,,AustralianSuper Balanced Option (MySuper Option),Multi-Asset,61-80% Growth Assets,MA:80GA:SPR,SUP
,MF-1-31612,,AustralianSuper Conservative Balanced Option,Multi-Asset,41-60% Growth Assets,MA:60GA:SPR,SUP
,MF-1-31610,,AustralianSuper High Growth Option,Multi-Asset,81-100% Growth Assets,MA:100GA:SPR,SUP
,FD-32223,,AustralianSuper Indexed Diversified ,Multi-Asset,61-80% Growth Assets,MA:80GA:SPR,SUP
,MF-1-31613,,AustralianSuper Socially Aware Option,Multi-Asset,61-80% Growth Assets,MA:80GA:SPR,SUP
,MF-1-31611,,AustralianSuper Stable Option,Multi-Asset,21-40% Growth Assets,MA:40GA:SPR,SUP
,EF-2-31661,ALI,Argo Global Listed Infrastructure Limited,Property and Infrastructure,Global Listed Infrastructure,PI:GLI:LIC,LIC-LIT
,EF-2-316,ARG,Argo Investments Limited,Australian Equities,Australian Large Cap,AEQ:ALP:LIC,LIC-LIT
IOF0203AU,MF-1-4767,,Antipodes Asia Fund,Global Equities,Global Long Short,GEQ:GLS:REGAS,MF
IOF0045AU,MF-1-6655,,Antipodes Global Fund,Global Equities,Global Long Short,GEQ:GLS:GL,MF
WHT0057AU,MF-1-31758,,Antipodes Global Fund  Long Only,Global Equities,Global Large Cap,GEQ:GLC:SPEC,MF
,FD-32052,,AB Concentrated Global Growth Equities Portfolio,Global Equities,Global Large Cap,GEQ:GLC:SMA,SMA
,FD-32051,,AB Concentrated US Growth Equities Portfolio,Global Equities,Global Large Cap,GEQ:GLC:SMA,SMA
ACM0001AU,MF-1-30821,,AB Dynamic Global Fixed Income Fund,Fixed Interest,Unconstrained Bond,FI:UB,MF
ACM0009AU,MF-1-31803,,AB Global Equities Fund,Global Equities,Global Large Cap,GEQ:GLC:FC,MF
ACM0004AU,MF-1-27284,,AB Global High Income Fund,Fixed Interest,Alternative Income High,FI:AIH,MF
ACM0006AU,MF-1-31320,,AB Managed Volatility Equities Fund,Australian Equities,Australian Large Cap,AEQ:ALP:CSN,MF
,FD-32302,,AustSafe Super  Balanced (My Super) Option,Multi-Asset,61-80% Growth Assets,MA:80GA:SPR,SUP
,FD-32304,,AustSafe Super  Capital Stable,Multi-Asset,21-40% Growth Assets,MA:40GA:SPR,SUP
,FD-32305,,AustSafe Super  CRF Capital Stable,Multi-Asset,41-60% Growth Assets,MA:60GA:SPR,SUP
,FD-32303,,AustSafe Super  Super Growth,Multi-Asset,81-100% Growth Assets,MA:100GA:SPR,SUP
PER0554AU,MF-1-23091,,AQR Wholesale DELTA Fund  Class 1F,Alternatives,Growth Alternatives (Moderate),ALT:GAM:SRP,MF
PER0634AU,MF-1-27355,,AQR Wholesale Managed Futures Fund  Class 1P,Alternatives,Growth Alternatives (High),ALT:GAH:MF,MF
WFS0486AU,MF-1-27306,,Altius Bond Fund,Fixed Interest,Unconstrained Bond,FI:UB,MF
AUS0071AU,MF-1-31505,,Altius Sustainable Bond Fund,Fixed Interest,Unconstrained Bond,FI:UB,MF
YOC0100AU,MF-1-9137,,Australian Unity Property Income Fund,Property and Infrastructure,Australian Listed Property,PI:ALP:HY,MF
AUS0030AU,MF-1-19022,,Platypus Australian Equities Fund - Wholesale,Australian Equities,Australian Large Cap,AEQ:ALP:GR,MF
AUS0036AU,MF-1-26702,,Platypus Systematic Growth Fund,Australian Equities,Australian Large Cap,AEQ:ALP:GR,MF
WFS0547AU,MF-1-31290,,Wingate Global Equity Fund  Hedged,Global Equities,Global Large Cap,GEQ:GLC:IS,MF
AUS0035AU,MF-1-23751,,Wingate Global Equity Fund  Wholesale Units,Global Equities,Global Large Cap,GEQ:GLC:IS,MF
ETL0148AU,MF-1-23841,ACY01,Armytage Australian Equity Income Fund,Australian Equities,Australian Large Cap,AEQ:ALP:IS,MFUND
ETL0139AU,MF-1-23839,ACY02,Armytage Strategic Opportunities Fund,Australian Equities,Australian Large Cap,AEQ:ALP:IS,MFUND
COL0029AU,MF-1-27765,,Atrium Evolution Series  Diversified Fund AEF 5,Multi-Asset,Variable Growth Assets,MA:VGA:SPEC,MF
COL0030AU,MF-1-27766,,Atrium Evolution Series  Diversified Fund AEF 7,Multi-Asset,Variable Growth Assets,MA:VGA:SPEC,MF
COL0031AU,MF-1-27767,,Atrium Evolution Series  Diversified Fund AEF 9,Multi-Asset,Variable Growth Assets,MA:VGA:SPEC,MF
PIM0037AU,FD-32273,,Aviva Investors Multi-Strategy Target Income Fund,Alternatives,Growth Alternatives (Moderate),ALT:GAM:M,MF
PIM0026AU,FD-31981,,Aviva Investors Multi-Strategy Target Return Fund,Alternatives,Growth Alternatives (Moderate),ALT:GAM:M,MF
ASX0001AU,FD-32410,,Auscap Long Short Australian Equities Fund,Australian Equities,Australian Long Short,AEQ:ALS:VB,MF
