{        
    "request": {                                    
        "method": "GET",                        
        "urlPattern": "/api/mytest"
    },                                      
    "response": {                                   
        "status": 200,                          
        "bodyFileName": "mytest.json",
        "headers": {
            "Content-Type": "application/json",
            "Cache-Control": "max-age=86400"
        }
    }                                               
}
