{
   "request":{
      "method":"GET",
	  "urlPattern":"/questionnaire/alltext/sectionnaire.*"
   },
   "response":{
      "status":200,
      "headers":{
         "Content-Type":"application/json",
         "Access-Control-Allow-Origin":"*",
         "Access-Control-Allow-Methods":"*",
         "Access-Control-Allow-Headers":"Accept, Content-Type, Content-Encoding, Server, Transfer-Encoding",
         "X-Content-Type-Options":"nosniff",
         "x-frame-options":"DENY",
         "x-xss-protection":"1; mode=block"
      },
      "jsonBody":



{
   "label":"Member Communications",
   "panel":[
      {
         "title":"Member Communications",
         "questions":[
            {
               "id":"admin_member_statement",
               "type":"text",
               "label":"How often are member statements provided to members each year?",
               "validation":{
                  "required":true,
                  "min":3
               },
               "option-list":"time frequency"
            },
            {
               "id":"admin_statement_deliv",
               "type":"text",
               "label":"How are statements delivered?",
               "validation":{
                  "required":true,
                  "min":3
               }
            },
            {
               "id":"admin_statement_electronic",
               "type":"text",
               "label":"What percentage of your most recent member statements were communicated electronically?",
               "validation":{
                  "required":true,
                  "min":3
               }
            },
            {
               "id":"admin_statement_projection_prev",
               "type":"text",
               "label":"For your most recent Member Statements, was a retirement income projection provided to members?",
               "validation":{
                  "required":true,
                  "min":3
               },
               "option-list":"Yes/No"
            },
            {
               "id":"admin_statement_projection_fut",
               "type":"text",
               "label":"For your June year; Member Statements, will a retirement income projection be provided to members?",
               "validation":{
                  "required":true,
                  "min":3
               },
               "option-list":"Yes/No"
            },
            {
               "id":"ability_receive_video_statement",
               "type":"text",
               "label":"Do you provide members with the ability to receive a personal video statement?",
               "validation":{
                  "required":true,
                  "min":3
               },
               "option-list":"Yes/No"
            },
            {
               "id":"registered_members_period",
               "type":"text",
               "label":"How many members are registered or expected to receive these for the June year; statement period?",
               "validation":{
                  "required":true,
                  "min":3
               }
            },
            {
               "id":"admin_contri_receipt",
               "type":"text",
               "label":"Do you provide members with a receipt of individual contributions for:",
               "validation":{
                  "required":true,
                  "min":3
               }
            },
            {
               "id":"admin_member_mobile",
               "type":"text",
               "label":"What percentage of members does the fund have mobile phone numbers for?",
               "validation":{
                  "required":true,
                  "min":3
               }
            },
            {
               "id":"admin_member_email",
               "type":"text",
               "label":"What percentage of members does the fund have an email address for?",
               "validation":{
                  "required":true,
                  "min":3
               }
            },
            {
               "id":"admin_member_email_enquiries",
               "type":"text",
               "label":"Please approximate the total number of email enquiries received for the past 12 months to 30 June year;.",
               "validation":{
                  "required":true,
                  "min":3
               }
            },
            {
               "id":"admin_member_web_enquiries",
               "type":"text",
               "label":"Please approximate the total number of web enquiries received for the past 12 months to 30 June year;.",
               "validation":{
                  "required":true,
                  "min":3
               }
            },
            {
               "id":"admin_member_written_enquiries",
               "type":"text",
               "label":"Please approximate the total number of written enquiries received for the past 12 months to 30 June year;.",
               "validation":{
                  "required":true,
                  "min":3
               }
            }
         ],
         "group":{
            "rule":"admin_contri_receipt!='none'",
            "question":[
               {
                  "id":"admin_contri_receipt_com",
                  "type":"multioption",
                  "label":"How is the receipt communicated?",
                  "option":[
                     {
                        "value":"letter",
                        "label":"Printed letter"
                     },
                     {
                        "value":"email",
                        "label":"Email"
                     },
                     {
                        "value":"sms",
                        "label":"SMS"
                     },
                     {
                        "value":"other",
                        "label":"Other"
                     }
                  ],
                  "prev":"admin_contri_receipt_com",
                  "score":[
                     {
                        "value":"0.5",
                        "label":"email"
                     },
                     {
                        "value":"1",
                        "label":"sms"
                     }
                  ]
               }
            ],
            "group":[
               {
                  "rule":"admin_contri_receipt_com~~'other'",
                  "question":[
                     {
                        "id":"admin_contri_receipt_com_other",
                        "type":"text",
                        "label":"If other, please specify",
                        "prev":"admin_contri_receipt_com_other"
                     }
                  ]
               }
            ]
         }
      },
      {
         "title":"Marketing and Corporate Communications",
         "questions":[
            {
               "id":"mkt_comment",
               "type":"text",
               "label":"Additional comments on this section",
               "validation":{
                  "required":true,
                  "min":3
               }
            },
            {
               "id":"mkt_file",
               "type":"text",
               "label":"Any other resources relating to this section",
               "validation":{
                  "required":true,
                  "min":3
               }
            }
         ],
         "group":{
            "question":[
               {
                  "id":"mkt_spend",
                  "label":"What was your marketing spend in the year2;-year; financial year?",
                  "option":[
                     {
                        "value":"no_buget",
                        "label":"$0 or no budget"
                     },
                     {
                        "value":"less_100k",
                        "label":"Less than $100,000"
                     },
                     {
                        "value":"100k_500k",
                        "label":"$100,001 - $500,000"
                     },
                     {
                        "value":"500k_1m",
                        "label":"$500,001 - $999,999"
                     },
                     {
                        "value":"1m-2m",
                        "label":"$1 - $2 million"
                     },
                     {
                        "value":"2m-3m",
                        "label":"$2 - $3 million"
                     },
                     {
                        "value":"3m-4m",
                        "label":"$3 - $4 million"
                     },
                     {
                        "value":"4m-5m",
                        "label":"$4 - $5 million"
                     },
                     {
                        "value":"more_5m",
                        "label":"Above $5 million"
                     }
                  ],
                  "prev":"mkt_spend"
               },
               {
                  "id":"mkt_team",
                  "label":"Do you have an internal marketing team?",
                  "prev":"mkt_team",
                  "option-list":"Yes/No"
               },
               {
                  "id":"mkt_communication",
                  "type":"multioption",
                  "label":"Do you use any of the following communication methods to target current and potential members?",
                  "option":[
                     {
                        "value":"tvad",
                        "label":"TV Advertising"
                     },
                     {
                        "value":"rdad",
                        "label":"Radio Advertising"
                     },
                     {
                        "value":"news",
                        "label":"Newspaper/Magazine Advertising"
                     },
                     {
                        "value":"mail",
                        "label":"Direct Mail"
                     },
                     {
                        "value":"online",
                        "label":"Online"
                     },
                     {
                        "value":"sponsorship",
                        "label":"Sponsorship"
                     },
                     {
                        "value":"social",
                        "label":"Social Networking Sites"
                     },
                     {
                        "value":"sms",
                        "label":"SMS"
                     },
                     {
                        "value":"blog",
                        "label":"Blogging"
                     }
                  ],
                  "prev":"mkt_communication"
               },
               {
                  "id":"mkt_cost",
                  "type":"option",
                  "label":"Do you know your Cost per Acquisition?",
                  "prev":"mkt_cost",
                  "option-list":"Yes/No"
               },
               {
                  "id":"mkt_define_member_engagment",
                  "type":"multiline",
                  "label":"How do you define Member Engagement?",
                  "prev":"mkt_define_member_engagment"
               },
               {
                  "id":"mkt_measure_member_engagment",
                  "type":"multiline",
                  "label":"How do you measure Member Engagement?",
                  "prev":"mkt_measure_member_engagment"
               }
            ],
            "group":[
               {
                  "rule":"mkt_team=='Yes'",
                  "question":[
                     {
                        "id":"mkt_team_size",
                        "label":"How large is the team?",
                        "option":[
                           {
                              "value":"10_more",
                              "label":"10 or more"
                           },
                           {
                              "value":"5_to_9",
                              "label":"5 to 9"
                           },
                           {
                              "value":"2_to_4",
                              "label":"2 to 4"
                           },
                           {
                              "value":"1",
                              "label":"1"
                           }
                        ],
                        "prev":"mkt_team_size"
                     }
                  ]
               },
               {
                  "rule":"mkt_communication~~'social'",
                  "question":[
                     {
                        "id":"mkt_communication_social",
                        "type":"multioption",
                        "label":"What social networking sites are used?",
                        "option":[
                           {
                              "value":"facebook",
                              "label":"Facebook"
                           },
                           {
                              "value":"twitter",
                              "label":"Twitter"
                           },
                           {
                              "value":"linkedin",
                              "label":"LinkedIn"
                           },
                           {
                              "value":"googleplus",
                              "label":"Google+"
                           },
                           {
                              "value":"youtube",
                              "label":"Youtube"
                           },
                           {
                              "value":"instagram",
                              "label":"Instagram"
                           },
                           {
                              "value":"other",
                              "label":"Other"
                           }
                        ],
                        "prev":"mkt_communication_social"
                     }
                  ],
                  "group":[
                     {
                        "rule":"mkt_communication_social~~'other'",
                        "question":[
                           {
                              "id":"mkt_communication_social_other",
                              "type":"multiline",
                              "label":"If other, please specify",
                              "prev":"mkt_communication_social_other"
                           }
                        ]
                     }
                  ]
               },
               {
                  "rule":"mkt_cost=='Yes'",
                  "question":[
                     {
                        "id":"mkt_cost_amount",
                        "type":"money",
                        "label":"What is your Cost per Acquisition?",
                        "prev":"mkt_cost_amount"
                     }
                  ]
               }
            ]
         }
      },
      {
         "title":"Member Education",
         "group":{
            "question":[
               {
                  "id":"advice_member_edu",
                  "type":"multioption",
                  "label":"Do you have formal education material which specifically addresses the following topics?",
                  "option":[
                     {
                        "value":"edu_super",
                        "label":"Super Choice"
                     },
                     {
                        "value":"invest_overview",
                        "label":"Investment overview"
                     },
                     {
                        "value":"invest_risk",
                        "label":"Investment risk profiles"
                     },
                     {
                        "value":"invest_option",
                        "label":"Investment options explained"
                     },
                     {
                        "value":"ins_benefits",
                        "label":"Insurance benefits explained"
                     },
                     {
                        "value":"contrib",
                        "label":"Contribution levels"
                     },
                     {
                        "value":"fees",
                        "label":"Fees explained"
                     },
                     {
                        "value":"product",
                        "label":"Product features and design"
                     },
                     {
                        "value":"highlight",
                        "label":"Fund highlights"
                     },
                     {
                        "value":"commentary",
                        "label":"Super, investment and/or economic commentary"
                     },
                     {
                        "value":"planning",
                        "label":"Planning and budgeting for retirement"
                     },
                     {
                        "value":"strategy",
                        "label":"Retirement strategies"
                     },
                     {
                        "value":"tax",
                        "label":"Super tax in detail"
                     },
                     {
                        "value":"cocontrib",
                        "label":"Co-contributions"
                     },
                     {
                        "value":"spouse",
                        "label":"Spouse contributions"
                     },
                     {
                        "value":"pension",
                        "label":"Pension funds explained"
                     },
                     {
                        "value":"family",
                        "label":"Family Law"
                     },
                     {
                        "value":"estate",
                        "label":"Estate Planning"
                     },
                     {
                        "value":"enough_super",
                        "label":"How much super is enough"
                     },
                     {
                        "value":"regulatory_changes",
                        "label":"Regulatory changes in super"
                     },
                     {
                        "value":"redundancy",
                        "label":"Redundancy and super"
                     },
                     {
                        "value":"ttr",
                        "label":"Transitioning to retirement"
                     },
                     {
                        "value":"women_suer",
                        "label":"Women and super"
                     },
                     {
                        "value":"none",
                        "label":"None of the above"
                     }
                  ],
                  "prev":"advice_member_edu",
                  "score":[
                     {
                        "value":"0.2",
                        "label":"edu_super"
                     },
                     {
                        "value":"0.2",
                        "label":"invest_overview"
                     },
                     {
                        "value":"0.2",
                        "label":"invest_risk"
                     },
                     {
                        "value":"0.2",
                        "label":"invest_option"
                     },
                     {
                        "value":"0.2",
                        "label":"ins_benefits"
                     },
                     {
                        "value":"0.2",
                        "label":"contrib"
                     },
                     {
                        "value":"0.2",
                        "label":"fees"
                     },
                     {
                        "value":"0.2",
                        "label":"product"
                     },
                     {
                        "value":"0.2",
                        "label":"highlight"
                     },
                     {
                        "value":"0.2",
                        "label":"commentary"
                     },
                     {
                        "value":"0.2",
                        "label":"planning"
                     },
                     {
                        "value":"0.2",
                        "label":"strategy"
                     },
                     {
                        "value":"0.2",
                        "label":"tax"
                     },
                     {
                        "value":"0.2",
                        "label":"cocontrib"
                     },
                     {
                        "value":"0.2",
                        "label":"spouse"
                     },
                     {
                        "value":"0.2",
                        "label":"pension"
                     },
                     {
                        "value":"0.2",
                        "label":"family"
                     },
                     {
                        "value":"0.2",
                        "label":"estate"
                     },
                     {
                        "value":"0.2",
                        "label":"enough_super"
                     },
                     {
                        "value":"0.2",
                        "label":"regulatory_changes"
                     },
                     {
                        "value":"0.2",
                        "label":"redundancy"
                     },
                     {
                        "value":"0.2",
                        "label":"ttr"
                     }
                  ]
               },
               {
                  "id":"advice_biz_edu",
                  "label":"Do you have a specific business unit for member education?",
                  "prev":"advice_biz_edu",
                  "score":[
                     {
                        "value":"5",
                        "label":"Yes"
                     }
                  ]
               },
               {
                  "id":"advice_member_edu_3rdparty",
                  "label":"Do you use third party providers to develop or deliver any part of your Member Education Program?",
                  "prev":"advice_member_edu_3rdparty"
               },
               {
                  "id":"advice_fte_presenters",
                  "type":"number",
                  "label":"How many FTE equivalent seminar presenters do you have?",
                  "prev":"advice_fte_presenters"
               },
               {
                  "id":"advice_fte_presenters_employees",
                  "type":"percentage",
                  "label":"What proportion are employees of the Fund?",
                  "prev":"advice_fte_presenters_employees"
               },
               {
                  "id":"advice_presenters_rg146",
                  "type":"option",
                  "label":"What proportion of your seminar presenters are RG146 compliant?",
                  "option":[
                     {
                        "value":"0",
                        "label":"0%"
                     },
                     {
                        "value":"49",
                        "label":"<50%"
                     },
                     {
                        "value":"90",
                        "label":"50%-90%"
                     },
                     {
                        "value":"100",
                        "label":"90%-100%"
                     }
                  ],
                  "prev":"advice_presenters_rg146",
                  "score":[
                     {
                        "value":"0.5",
                        "label":"49"
                     },
                     {
                        "value":"2",
                        "label":"90"
                     },
                     {
                        "value":"4",
                        "label":"100"
                     }
                  ]
               },
               {
                  "id":"advice_presenters_dfp",
                  "type":"option",
                  "label":"What proportion of your seminar presenters are DFP qualified?",
                  "option":[
                     {
                        "value":"0",
                        "label":"0%"
                     },
                     {
                        "value":"49",
                        "label":"<50%"
                     },
                     {
                        "value":"90",
                        "label":"50%-90%"
                     },
                     {
                        "value":"100",
                        "label":"90%-100%"
                     }
                  ],
                  "prev":"advice_presenters_dfp",
                  "score":[
                     {
                        "value":"0.5",
                        "label":"49"
                     },
                     {
                        "value":"2",
                        "label":"90"
                     },
                     {
                        "value":"4",
                        "label":"100"
                     }
                  ]
               },
               {
                  "id":"admin_info_session",
                  "label":"Are formal information sessions for members provided when an employer group joins the Fund?",
                  "prev":"admin_info_session",
                  "score":[
                     {
                        "value":"1",
                        "label":"Yes"
                     }
                  ],
                  "option-list":"Yes/No"
               },
               {
                  "id":"admin_ongoing_info_session",
                  "label":"Are ongoing information sessions or seminars held for existing employers and members?",
                  "prev":"admin_ongoing_info_session",
                  "score":[
                     {
                        "value":"1",
                        "label":"Yes"
                     }
                  ],
                  "option-list":"Yes/No"
               },
               {
                  "id":"admin_material",
                  "label":"How many times per year do you send paper based education materials to members?",
                  "prev":"admin_material",
                  "score":[
                     {
                        "value":"2",
                        "label":"2"
                     },
                     {
                        "value":"3",
                        "label":"3"
                     },
                     {
                        "value":"5",
                        "label":"4"
                     },
                     {
                        "value":"5",
                        "label":"5"
                     },
                     {
                        "value":"5",
                        "label":"6"
                     },
                     {
                        "value":"5",
                        "label":">6"
                     }
                  ],
                  "option-list":"1-6"
               },
               {
                  "id":"admin_electronic_material",
                  "label":"How many times per year do you send electronic education materials to members?",
                  "prev":"admin_electronic_material",
                  "option-list":"1-6"
               },
               {
                  "id":"admin_material_newsletter",
                  "type":"text",
                  "label":"Name of newsletters",
                  "prev":"admin_material"
               },
               {
                  "id":"mkt_member_dist_plat",
                  "type":"multioption",
                  "label":"Which of the following platforms do you use to distribute communications to members?",
                  "option":[
                     {
                        "value":"online",
                        "label":"Online"
                     },
                     {
                        "value":"face",
                        "label":"Face to face"
                     },
                     {
                        "value":"seminars",
                        "label":"Seminars"
                     },
                     {
                        "value":"webinars",
                        "label":"Webinars"
                     },
                     {
                        "value":"fin_plan",
                        "label":"Financial planners"
                     },
                     {
                        "value":"newsletters",
                        "label":"Newsletters"
                     },
                     {
                        "value":"enewsletters",
                        "label":"eNewsletters"
                     },
                     {
                        "value":"flyers",
                        "label":"Flyers/Factsheets"
                     },
                     {
                        "value":"case_studies",
                        "label":"Case Studies"
                     },
                     {
                        "value":"magazines",
                        "label":"Magazines"
                     },
                     {
                        "value":"sms",
                        "label":"SMS"
                     },
                     {
                        "value":"online_forms",
                        "label":"Online Forms"
                     }
                  ],
                  "prev":"mkt_member_dist_plat"
               }
            ],
            "group":[
               {
                  "rule":"advice_biz_edu=='Yes'",
                  "question":[
                     {
                        "id":"advice_biz_edu_staff",
                        "label":"How many FTE staff are directly employed in this unit?",
                        "option":[
                           {
                              "value":"0",
                              "label":"0"
                           },
                           {
                              "value":"1",
                              "label":"1"
                           },
                           {
                              "value":"2",
                              "label":"2"
                           },
                           {
                              "value":"3",
                              "label":"3"
                           },
                           {
                              "value":"4",
                              "label":"4"
                           },
                           {
                              "value":"5",
                              "label":"5"
                           },
                           {
                              "value":"6",
                              "label":"6"
                           },
                           {
                              "value":"7",
                              "label":"7"
                           },
                           {
                              "value":"8",
                              "label":"8"
                           },
                           {
                              "value":"9",
                              "label":"9"
                           },
                           {
                              "value":"10",
                              "label":"10"
                           },
                           {
                              "value":"11to15",
                              "label":"11-15"
                           },
                           {
                              "value":"16to20",
                              "label":"16-20"
                           },
                           {
                              "value":"20plus",
                              "label":"20+"
                           }
                        ],
                        "prev":"advice_biz_edu_staff",
                        "score":[
                           {
                              "value":"0.5",
                              "label":"3"
                           },
                           {
                              "value":"1",
                              "label":"4"
                           },
                           {
                              "value":"1",
                              "label":"5"
                           },
                           {
                              "value":"2",
                              "label":"more"
                           }
                        ]
                     }
                  ]
               },
               {
                  "rule":"advice_member_edu_3rdparty=='Yes'",
                  "question":[
                     {
                        "id":"advice_member_edu_3rdparty_name",
                        "type":"text",
                        "label":"If so, what is the name of the provider?",
                        "prev":"advice_member_edu_3rdparty_name"
                     },
                     {
                        "id":"advice_member_ext_dev",
                        "type":"multiline",
                        "label":"What parts of your program are developed or delivered externally?",
                        "prev":"advice_member_ext_dev"
                     }
                  ]
               },
               {
                  "rule":"admin_ongoing_info_session=='Yes'",
                  "question":[
                     {
                        "id":"admin_seminar_member_contact",
                        "label":"Are members proactively contacted to let them know sessions are available?",
                        "prev":"admin_seminar_member_contact",
                        "score":[
                           {
                              "value":"1",
                              "label":"Yes"
                           }
                        ]
                     },
                     {
                        "id":"admin_n_seminars",
                        "type":"text",
                        "label":"Approximately how many seminars were held in the 12 months to 30 June year;?",
                        "prev":"admin_n_seminars"
                     },
                     {
                        "id":"admin_n_attend",
                        "type":"text",
                        "label":"Approximately how many members attended seminars in the 12 months to 30 June year;?",
                        "prev":"admin_n_seminars"
                     },
                     {
                        "id":"pension_mem_seminars",
                        "type":"number",
                        "label":"How many seminars were focused on pension members?",
                        "prev":"pension_mem_seminars"
                     },
                     {
                        "id":"admin_seminar_type",
                        "type":"multioption",
                        "label":"Are seminars employer specific or open invite?",
                        "option":[
                           {
                              "value":"specific",
                              "label":"Employer specific"
                           },
                           {
                              "value":"open",
                              "label":"Open to all members"
                           }
                        ],
                        "prev":"admin_seminar_type"
                     },
                     {
                        "id":"admin_seminar_online_rego",
                        "label":"Do you offer online registration for seminars?",
                        "prev":"admin_seminar_online_rego",
                        "score":[
                           {
                              "value":"1",
                              "label":"Yes"
                           }
                        ]
                     },
                     {
                        "id":"admin_seminar_site",
                        "type":"multioption",
                        "label":"What sites are seminars delivered from?",
                        "option":[
                           {
                              "value":"office",
                              "label":"At fund offices or shop front"
                           },
                           {
                              "value":"employer_visit",
                              "label":"Employer visit"
                           },
                           {
                              "value":"thirdparty",
                              "label":"Third party venues"
                           },
                           {
                              "value":"online",
                              "label":"Online/web-cast"
                           }
                        ],
                        "prev":"admin_seminar_site",
                        "score":[
                           {
                              "value":"0.5",
                              "label":"office"
                           },
                           {
                              "value":"0.5",
                              "label":"employer_visit"
                           },
                           {
                              "value":"0.5",
                              "label":"thirdparty"
                           },
                           {
                              "value":"0.5",
                              "label":"online"
                           }
                        ]
                     },
                     {
                        "id":"admin_seminar_location",
                        "type":"multioption",
                        "label":"Where are physical seminars provided?",
                        "option":[
                           {
                              "value":"bris",
                              "label":"Brisbane"
                           },
                           {
                              "value":"syd",
                              "label":"Sydney"
                           },
                           {
                              "value":"melb",
                              "label":"Melbourne"
                           },
                           {
                              "value":"hob",
                              "label":"Hobart"
                           },
                           {
                              "value":"ade",
                              "label":"Adelaide"
                           },
                           {
                              "value":"per",
                              "label":"Perth"
                           },
                           {
                              "value":"dar",
                              "label":"Darwin"
                           },
                           {
                              "value":"other",
                              "label":"Other regional centres"
                           }
                        ],
                        "prev":"admin_seminar_location"
                     },
                     {
                        "id":"admin_seminar_topics",
                        "type":"multiline",
                        "label":"What topics are typically covered at the seminars?",
                        "prev":"admin_seminar_topics"
                     },
                     {
                        "id":"admin_seminar_finplan",
                        "label":"Are Financial Planners or similarly qualified personnel on hand to provide immediate scaled advice?",
                        "prev":"admin_seminar_finplan",
                        "score":[
                           {
                              "value":"2.5",
                              "label":"Yes"
                           }
                        ],
                        "option-list":"Yes/No"
                     },
                     {
                        "id":"admin_seminar_measure",
                        "type":"multiline",
                        "label":"How do you measure the success of your education program?",
                        "prev":"admin_seminar_measure"
                     },
                     {
                        "id":"admin_seminar_feedback",
                        "label":"Do you capture member feedback from seminars?",
                        "prev":"admin_seminar_feedback",
                        "score":[
                           {
                              "value":"2",
                              "label":"Yes"
                           }
                        ]
                     },
                     {
                        "id":"admin_seminar_top_topics",
                        "type":"multiline",
                        "label":"What are the 3 most popular seminar topics in order?",
                        "prev":"admin_seminar_top_topics"
                     },
                     {
                        "id":"admin_seminar_mem_info",
                        "type":"number",
                        "label":"As a result of your seminar program, how many members sought further information?"
                     },
                     {
                        "id":"admin_seminar_mem_advice",
                        "type":"number",
                        "label":"As a result of your seminar program, how many members sought financial advice?"
                     },
                     {
                        "id":"admin_seminar_mem_planning",
                        "type":"number",
                        "label":"As a result of your seminar program, how many members sought financial advice and completed the financial planning process?"
                     },
                     {
                        "id":"admin_seminar_mem_telemarket",
                        "label":"Do you follow up members with outbound telemarketing calls to generate leads for financial advisers?",
                        "prev":"admin_seminar_mem_telemarket"
                     }
                  ],
                  "group":[
                     {
                        "rule":"admin_seminar_member_contact=='Yes'",
                        "question":[
                           {
                              "id":"admin_seminar_member_contact_method",
                              "type":"multioption",
                              "label":"How are they contacted?",
                              "option":[
                                 {
                                    "value":"Phone",
                                    "label":"Phone"
                                 },
                                 {
                                    "value":"Email",
                                    "label":"Email"
                                 },
                                 {
                                    "value":"SMS",
                                    "label":"SMS"
                                 },
                                 {
                                    "value":"Letter",
                                    "label":"Written Correspondence"
                                 }
                              ],
                              "prev":"admin_seminar_member_contact_method"
                           }
                        ]
                     },
                     {
                        "rule":"admin_seminar_site~~'online'",
                        "question":[
                           {
                              "id":"admin_seminar_online_format",
                              "type":"multioption",
                              "label":"Are online/webcasts interactive?",
                              "option":[
                                 {
                                    "value":"interactive",
                                    "label":"Interactive"
                                 },
                                 {
                                    "value":"prerec",
                                    "label":"Pre-recorded"
                                 }
                              ]
                           }
                        ]
                     },
                     {
                        "rule":"admin_seminar_location~~'other'",
                        "question":[
                           {
                              "id":"admin_seminar_location_other",
                              "type":"text",
                              "label":"Other regional centre",
                              "prev":"admin_seminar_location_other"
                           }
                        ]
                     },
                     {
                        "rule":"admin_seminar_feedback=='Yes'",
                        "question":[
                           {
                              "id":"admin_seminar_feedback_rating",
                              "type":"multiline",
                              "label":"What does it measure?"
                           }
                        ]
                     }
                  ]
               }
            ]
         }
      }
   ]
}




}

}