<?xml version="1.0"?>
<!DOCTYPE module PUBLIC
    "-//Puppy Crawl//DTD Check Configuration 1.2//EN"
    "http://www.puppycrawl.com/dtds/configuration_1_2.dtd">

<module name="Checker">

    <!-- Checks whether files end with a new line.                        -->
    <!-- See http://checkstyle.sf.net/config_misc.html#NewlineAtEndOfFile -->
    <module name="NewlineAtEndOfFile">
        <!--property name="lineSeparator" value="lf"/-->
        <property name="severity" value="ignore"/>
    </module>

    <!-- Checks that property files contain the same keys.         -->
    <!-- See http://checkstyle.sf.net/config_misc.html#Translation -->
    <module name="Translation"/>
    
    <!-- Checks for Size Violations.                    -->
    <!-- See http://checkstyle.sf.net/config_sizes.html -->
    <module name="FileLength"/>

    <!-- Checks for whitespace -->
    <!-- See http://checkstyle.sf.net/config_whitespace.html -->
    <module name="FileTabCharacter">
        <property name="fileExtensions" value="java" />
    </module>
    
    <!-- Enabled to ensure that the correct copyright header is inserted. -->
    <!-- Disabled for now until header is defined.
    <module name="Header">
        <property
             name="header"
             value="// FIXME."/>
    </module>-->

<!-- Disabled until time is available to fix transgressions....
    <module name="RegexpSingleline">
        <property name="format" value="\s+$" />
        <property name="minimum" value="0" />
        <property name="maximum" value="0" />
        <property name="message" value="Line has trailing spaces." />
        <property name="fileExtensions" value="java, xml" />
    </module>
     -->
     
    <module name="TreeWalker">
        <!-- Checks for Javadoc comments.                     -->
        <!-- See http://checkstyle.sf.net/config_javadoc.html -->
        <module name="JavadocMethod">
            <property name="scope" value="package"/>
            <property name="allowMissingJavadoc" value="true"/>
        </module>

        <!--module name="JavadocVariable">
            <property name="scope" value="package"/>
        </module-->
        <module name="JavadocStyle">
            <property name="scope" value="package"/>
        </module>


        <!-- Checks for Naming Conventions.                  -->
        <!-- See http://checkstyle.sf.net/config_naming.html -->
        <module name="ConstantName"/>
        <module name="LocalFinalVariableName"/>
        <module name="LocalVariableName"/>
        <module name="MemberName"/>
        <module name="MethodName"/>
        <module name="PackageName"/>
        <module name="ParameterName"/>
        <module name="StaticVariableName"/>
        <module name="TypeName"/>

        <!-- Following interprets the header file as regular expressions. -->
        <!-- <module name="RegexpHeader"/>                                -->


        <!-- Checks for imports                              -->
        <!-- See http://checkstyle.sf.net/config_import.html -->
        <module name="AvoidStarImport"/>
        <module name="IllegalImport"/> <!-- defaults to sun.* packages -->
        <module name="RedundantImport"/>
        <module name="UnusedImports"/>


        <!-- Checks for Size Violations.                    -->
        <!-- See http://checkstyle.sf.net/config_sizes.html -->
        <module name="LineLength">
            <property name="max" value="150"/>
        </module>
        <module name="MethodLength"/>
        <module name="ParameterNumber">
            <property name="max" value="12"/>
        </module>


        <!-- Checks for whitespace                               -->
        <!-- See http://checkstyle.sf.net/config_whitespace.html -->
        <module name="EmptyForIteratorPad"/>
        <module name="GenericWhitespace"/>
        <module name="MethodParamPad"/>
        <module name="NoWhitespaceAfter"/>
        <module name="NoWhitespaceBefore"/>
        <module name="OperatorWrap"/>
        <module name="ParenPad"/>
        <module name="TypecastParenPad"/>
        <module name="WhitespaceAfter"/>
        <module name="WhitespaceAround"/>


        <!-- Modifier Checks                                    -->
        <!-- See http://checkstyle.sf.net/config_modifiers.html -->
        <module name="ModifierOrder"/>
        <module name="RedundantModifier"/>


        <!-- Checks for blocks. You know, those {}'s         -->
        <!-- See http://checkstyle.sf.net/config_blocks.html -->
        <module name="AvoidNestedBlocks"/>
        <module name="EmptyBlock"/>
        <module name="LeftCurly"/>
        <module name="NeedBraces"/>
        <module name="RightCurly"/>


        <!-- Checks for common coding problems               -->
        <!-- See http://checkstyle.sf.net/config_coding.html -->
        <!-- <module name="AvoidInlineConditionals"/> -->
        <module name="EmptyStatement"/>
        <module name="EqualsHashCode"/>
        <module name="HiddenField">
            <!-- Allow hidden fields for constructors and setters. -->
            <property name="ignoreConstructorParameter" value="true"/>
            <property name="ignoreSetter" value="true"/>
        </module>
        <module name="IllegalInstantiation"/>
        <!-- Disabled temporarily until checkstyle ignores assignments within try-with-resources.
        <module name="InnerAssignment"/>-->
        <module name="MagicNumber">
            <property name="ignoreAnnotation" value="true"/>
        </module>
        <module name="MissingSwitchDefault"/>
        
        <module name="SimplifyBooleanExpression"/>
        <module name="SimplifyBooleanReturn"/>

        <!-- Checks for class design                         -->
        <!-- See http://checkstyle.sf.net/config_design.html -->
        <!-- Disabled because it adds significant overhead to development.
        <module name="DesignForExtension"/>-->
        <module name="FinalClass"/>
        <module name="HideUtilityClassConstructor"/>
        <module name="InterfaceIsType"/>
        <module name="VisibilityModifier"/>


        <!-- Miscellaneous other checks.                   -->
        <!-- See http://checkstyle.sf.net/config_misc.html -->
        <module name="ArrayTypeStyle"/>
        <!-- Disabled because requires very verbose method declarations.
        <module name="FinalParameters"/>-->
        <module name="TodoComment"/>
        <module name="UpperEll"/>
        
        <module name="DeclarationOrder" />
            
        <module name="Regexp">
            <property name="format" value="System\.out\.print" />
            <property name="illegalPattern" value="true" />
            <property name="ignoreComments" value="true" />
        </module>
        <module name="Regexp">
            <property name="format" value="printStackTrace" />
            <property name="illegalPattern" value="true" />
            <property name="ignoreComments" value="true" />
        </module>
    
        <!-- Complexity Checks. -->
        <module name="BooleanExpressionComplexity">
            <property name="max" value="5"/>
        </module>
        <module name="ClassDataAbstractionCoupling">
            <property name="max" value="12"/>
        </module>
        <module name="ClassFanOutComplexity">
            <property name="max" value="25"/>
        </module>
        <module name="CyclomaticComplexity"/>
        <module name="JavaNCSS"/>
        <module name="NPathComplexity"/>

    </module>

</module>
