<?xml version="1.0"?>
<!DOCTYPE suppressions PUBLIC
    "-//Puppy Crawl//DTD Suppressions 1.1//EN"
    "http://www.puppycrawl.com/dtds/suppressions_1_1.dtd">

<suppressions>
    <!-- Spring Rules  -->
    <suppress files="App\.java" checks="HideUtilityClassConstructor"/>

    <!-- JUnit Rules require the rules field to have public visibility. -->
    <!-- See http://checkstyle.sourceforge.net/config_design.html#VisibilityModifier -->
    <suppress files=".*(?:Test|TestBase)\.java$" checks="VisibilityModifier" />
    
    <!-- Generated files -->
    <suppress files=".*/src/main/java/generated/.*\.java" checks=".*" />
    <suppress files=".*/src/main/java/.*/generated/.*\.java" checks=".*" />
    <suppress files=".*\\src\\main\\java\\generated\\.*\.java" checks=".*" />
    <suppress files=".*\\src\\main\\java\\.*\\generated\\.*\.java" checks=".*" />
    
    
    <!-- Test suppression -->
    <suppress files=".*/src/test/java/.*\.java" checks="VisibilityModifier" />
    <suppress files=".*/src/test/java/.*\.java" checks="ClassFanOutComplexity" />
    <suppress files=".*/src/test/java/.*\.java" checks="MagicNumber" />
    <suppress files=".*/src/test/java/.*\.java" checks="ClassDataAbstractionCoupling" />
    <suppress files=".*/src/test/java/.*\.java" checks="NPathComplexity" />
    <suppress files=".*/src/test/java/.*\.java" checks="Javadoc.*" />
    
    <suppress files=".*\\src\\test\\java\\.*\.java" checks="VisibilityModifier" />
    <suppress files=".*\\src\\test\\java\\.*\.java" checks="ClassFanOutComplexity" />
    <suppress files=".*\\src\\test\\java\\.*\.java" checks="MagicNumber" />
    <suppress files=".*\\src\\test\\java\\.*\.java" checks="ClassDataAbstractionCoupling" />
    <suppress files=".*\\src\\test\\java\\.*\.java" checks="NPathComplexity" />
    <suppress files=".*\\src\\test\\java\\.*\.java" checks="Javadoc.*" />
    
    <suppress files=".*/src/integration-test/java/.*\.java" checks="VisibilityModifier" />
    <suppress files=".*/src/integration-test/java/.*\.java" checks="ClassFanOutComplexity" />
    <suppress files=".*/src/integration-integration-test/java/.*\.java" checks="MagicNumber" />
    <suppress files=".*/src/integration-test/java/.*\.java" checks="ClassDataAbstractionCoupling" />
    <suppress files=".*/src/integration-test/java/.*\.java" checks="NPathComplexity" />
    <suppress files=".*/src/integration-test/java/.*\.java" checks="Javadoc.*" />
    
    <suppress files=".*\\src\\integration-test\\java\\.*\.java" checks="VisibilityModifier" />
    <suppress files=".*\\src\\integration-test\\java\\.*\.java" checks="ClassFanOutComplexity" />
    <suppress files=".*\\src\\integration-test\\java\\.*\.java" checks="MagicNumber" />
    <suppress files=".*\\src\\integration-test\\java\\.*\.java" checks="ClassDataAbstractionCoupling" />
    <suppress files=".*\\src\\integration-test\\java\\.*\.java" checks="NPathComplexity" />
    <suppress files=".*\\src\\integration-test\\java\\.*\.java" checks="Javadoc.*" />
    
    <!-- Ignore all checkstyles for test data & resource files-->
    <suppress files=".*/resources/.*\.*" checks=".*" />
    
    <!-- Javascript suppression -->
    <suppress files=".*\.js" checks=".*" />
</suppressions>
